,,Classe,,,,,,,,,,,,,,,,,,,
Número do Processo,Ano de referência,Gênero Reu,"Houve pena de RECLUSÃO? NAO (0), SIM (1)",Quantidade de pena imposta na sentença (pena definitiva) - RECLUSÃO - convertido para dias,"Houve pena de DETENÇÃO? SIM (1), NAO (0)",Quantidade de pena imposta na sentença (pena definitiva) - DETENÇÃO - convertido para dias,Houve pena de MULTA? SIM (1) NAO (0),dias-multa,Regime Inicial de Cumprimento da Pena,A circunstância judicial da CULPABILIDADE foi valorada negativamente? SIM (1) NAO (0),A circunstância judicial dos ANTECEDENTES foi valorada negativamente? SIM (1) NAO (0),A circunstância judicial da CONDUTA SOCIAL foi valorada negativamente? SIM (1) NAO (0),A circunstância judicial da PERSONALIDADE foi valorada negativamente? SIM (1) NAO (0),A circunstância judicial dos MOTIVOS foi valorada negativamente? SIM (1) NAO (0),A circunstância judicial das CIRCUNSTÂNCIAS DO CRIME foi valorada negativamente? SIM (1) NAO (0),A circunstância judicial das CONSEQUÊNCIAS DO CRIME foi valorada negativamente? SIM (1) NAO (0),A circunstância judicial do COMPORTAMENTO DA VÍTIMA foi valorada negativamente? SIM (1) NAO (0),Houve aplicação da circunstância agravante da reincidência? SIM (1) NAO (0),A pena final restou fixada no mínimo legal (privativa de liberdade)? SIM (1) NAO (0),Tipo Penal,
NumProc,Ano,GeneroReu,Reclusao,ReclusaoDias,Detencao,DetencaoDias,Multa,MultaDias,RegimeInicial,CulpabCirc,AntecedCirc,CondSocialCirc,PersonCirc,MotivosCirc,CircCrimeCirc,ConseqCrimeCirc,ComportVitimaCirc,CircReincidencia,PenaMinLegal,TipoPenal,TipoPenalGenerico
135220098200001,2010,M,0,0,1,960,0,0,Aberto,0,0,0,0,0,0,0,0,0,1,,
00177515820068200001,2010,M,1,960,0,0,1,13,Aberto,0,0,0,0,0,0,0,0,0,0,,
00204704220088200001,2010,M,0,0,1,0,1,10,Aberto,1,0,0,0,0,0,0,0,0,0,,
00207922820098200001,2010,M,0,0,1,0,0,0,Aberto,0,0,0,0,0,0,0,0,0,0,,
00234719820098200001,2010,M,0,0,1,0,1,24,Aberto,1,0,0,0,0,0,0,0,0,0,,
1100111670,2011,M,0,0,1,240,1,10,Aberto,0,0,0,0,0,0,0,0,0,1,,
1100071571,2011,M,0,0,1,180,0,0,Aberto,0,0,0,0,0,0,0,0,0,0,,
1100071598,2011,M,0,0,1,0,1,10,Semi-Aberto,0,0,0,0,0,0,0,0,1,0,,
00003601720118200001,2011,F,1,960,0,0,1,13,Aberto,0,0,0,0,0,0,0,0,0,0,,
00003645420118200001,2011,F,1,960,0,720,1,13,Aberto,0,0,0,0,0,0,0,0,0,0,,
00080511920108200001,2011,M,0,0,1,0,1,10,Aberto,0,0,0,0,0,0,0,0,0,1,,
00024023920118200001,2012,M,1,960,0,0,1,10,Aberto,0,0,0,0,0,0,0,0,0,0,,
00039613120118200001,2012,M,0,0,1,0,1,15,Aberto,1,0,0,0,0,0,0,0,0,0,,
00405347320088200001,2012,M,1,1080,0,0,1,15,Aberto,0,0,0,0,0,0,0,0,0,0,,
01028233720118200001,2012,M,1,1080,0,0,1,10,Aberto,0,0,0,0,0,0,0,0,0,0,,
00022976220118200001,2013,F,1,960,0,0,1,13,Aberto,0,0,0,0,0,0,0,0,0,0,,
01002427820138200001,2013,M,0,0,1,0,1,8,Aberto,0,0,0,0,0,0,0,0,0,0,,
01051132520118200001,2013,F,0,0,1,0,0,0,Aberto,0,0,0,0,0,0,0,0,0,1,,
01075001320118200001,2013,M,0,0,1,0,1,10,Aberto,0,0,0,0,0,0,0,0,0,0,,
01035988120138200001,2014,M,0,0,1,0,0,0,Aberto,0,0,0,0,0,0,0,0,1,0,,
01133086220128200001,2014,M,0,0,1,0,1,10,Aberto,0,0,0,0,0,0,0,0,0,0,,
01439975520138200001,2014,M,0,0,1,0,0,0,Aberto,0,0,0,0,0,0,0,0,0,0,,
00001337620018200001,2014,M,1,1080,0,0,1,15,Aberto,0,0,0,0,0,0,0,0,0,0,,
00163306220088200001,2015,M,1,960,0,0,1,13,Aberto,0,0,0,0,0,0,0,0,0,0,,
01020427320158200001,2015,F,0,0,1,0,0,0,Aberto,0,0,0,0,0,0,0,0,0,0,,
01024348120138200001,2015,M,0,0,1,0,1,10,Aberto,0,0,0,0,0,0,0,0,0,0,,
01034469620148200001,2015,M,0,0,1,0,0,0,Aberto,0,0,0,0,0,0,0,0,0,1,,
01041821720148200001,2015,M,0,0,1,0,0,0,Aberto,0,0,0,0,0,0,0,0,0,0,,
01001347820158200001,2016,M,0,0,1,0,0,0,Aberto,0,0,0,0,0,0,0,0,0,0,,
01023605620158200001,2016,M,1,3240,0,0,0,0,Fechado,0,0,0,0,0,0,0,0,0,0,,
01114035120148200001,2016,M,1,960,0,0,0,0,Aberto,0,0,0,0,0,0,0,0,0,0,,
01518857520138200001,2016,M,1,5040,0,0,0,0,Fechado,0,0,0,0,0,0,0,0,0,0,,
01063750520148200001,2016,M,1,960,0,0,1,13,Aberto,0,0,0,0,0,0,0,0,0,0,,
01077475220158200001,2016,M,0,0,1,0,0,0,Aberto,0,0,0,0,0,0,0,0,0,0,,
01077475220158200001,2016,M,0,0,1,0,1,10,Aberto,0,0,0,0,0,0,0,0,0,1,,
01175733920148200001,2016,M,1,960,0,0,1,13,Aberto,0,0,0,0,0,0,0,0,0,0,,
01310373320148200001,2016,M,1,960,0,0,1,13,Aberto,0,0,0,0,0,0,0,0,0,0,,
01360016920148200001,2016,M,0,0,1,0,0,0,Aberto,0,0,0,0,0,0,0,0,0,1,,
02250705920078200001,2010,M,1,900,0,0,1,12,Aberto,0,0,0,1,0,1,0,0,0,0,,
00010602720108200001,2010,M,1,1890,0,0,1,21,Fechado,1,0,0,1,1,1,0,1,1,0,,
1040153178,2010,M,1,360,0,0,1,8,Aberto,1,0,0,0,1,0,0,1,0,1,,
1050115457,2010,M,1,2160,0,0,1,20,Semi-Aberto,1,0,0,1,1,1,1,1,0,0,,
1060215519,2010,F,1,260,0,0,1,8,Aberto,1,0,0,1,1,1,0,1,0,0,,
1060256657,2010,M,1,260,0,0,1,8,Aberto,1,0,0,1,1,1,0,1,0,0,,
1080212337,2010,M,1,600,0,0,1,12,Aberto,1,0,0,1,1,0,0,1,0,0,,
1080339710,2010,M,1,1080,0,0,1,15,Aberto,1,0,0,1,1,1,0,1,0,0,,
1080393170,2010,M,1,900,0,0,1,12,Aberto,1,0,0,1,1,1,0,1,0,0,,
1090084153,2010,M,1,1080,0,0,1,15,Fechado,0,0,0,1,0,1,0,0,1,0,,
00246576420068200001,2010,M,1,1440,0,0,1,15,Semi-Aberto,1,0,0,0,1,1,0,1,0,1,,
00255037620098200001,2010,M,1,600,0,0,1,8,Aberto,0,0,1,1,0,0,0,0,0,0,,
00256709820068200001,2010,M,1,810,0,0,1,11,Aberto,1,0,0,1,1,1,0,1,0,0,,
00256709820068200001,2010,M,1,900,0,0,1,12,Aberto,1,0,0,1,1,1,0,1,0,0,,
00256917420068200001,2010,M,1,900,0,90,1,12,Aberto,0,0,0,1,0,1,0,0,0,0,,
00177264520068200001,2011,M,1,1920,0,0,1,15,Semi-Aberto,1,0,0,0,1,1,0,1,0,0,,
00194028620108200001,2011,M,1,1440,0,0,1,10,Aberto,1,0,0,0,1,1,0,1,0,1,,
00194227720108200001,2011,M,1,1620,0,0,1,12,Semi-Aberto,1,0,0,1,1,1,1,1,0,0,,
00258120520068200001,2011,M,1,1440,0,0,1,10,Aberto,1,0,0,1,1,0,0,1,0,1,,
00271270520058200001,2011,M,1,1920,0,0,1,15,Semi-Aberto,1,0,0,1,1,1,1,1,0,0,,
00271270520058200001,2011,M,1,1920,0,0,1,15,Semi-Aberto,1,0,0,1,1,1,1,1,0,0,,
04141997820108200001,2011,M,1,960,0,0,1,18,Fechado,1,0,0,1,1,1,1,1,1,0,,
00316294520098200001,2011,M,1,810,0,0,1,11,Semi-Aberto,1,0,0,1,0,0,0,1,1,0,,
00036781220118200001,2012,M,1,2720,0,0,1,50,Fechado,0,0,0,1,1,1,0,1,1,0,,
00136653920098200001,2012,F,1,780,0,0,1,10,Semi-Aberto,0,0,0,1,0,0,0,1,1,0,,
00136653920098200001,2012,F,1,360,0,0,1,10,Aberto,0,0,0,0,0,0,0,1,0,0,,
01363922920118200001,2012,M,1,630,0,0,1,20,Fechado,0,0,0,1,0,0,0,1,1,0,,
01302969520118200001,2012,M,1,900,0,0,1,30,Fechado,0,1,0,1,1,0,0,1,1,0,,
0900015801998200001,2013,M,1,3780,0,0,1,100,Fechado,1,0,0,0,0,1,1,1,0,0,,
01140023120128200001,2013,M,1,2070,0,0,1,150,Semi-Aberto,1,0,0,1,1,1,0,0,0,0,,
01160217320138200001,2013,M,1,4260,0,0,1,61,Fechado,1,1,0,0,0,1,0,0,1,0,,
01176635220118200001,2013,M,1,240,0,0,1,7,Aberto,0,0,0,0,0,0,0,1,0,0,,
01183915920128200001,2013,M,1,1800,0,0,1,50,Semi-Aberto,1,0,0,0,0,1,0,1,0,0,,
01185410620138200001,2013,M,1,1280,0,0,1,50,Semi-Aberto,0,0,0,0,0,0,0,1,1,0,,
01186441320138200001,2013,F,1,3675,0,0,1,300,Fechado,1,0,0,0,0,1,1,1,0,0,,
01191728120128200001,2013,M,1,1440,0,0,1,40,Aberto,0,0,0,0,0,1,1,1,0,1,,
01208859120128200001,2013,M,1,420,0,0,1,10,Semi-Aberto,0,1,0,0,0,0,0,1,1,0,,
01221191120128200001,2013,M,1,630,0,0,1,40,Semi-Aberto,1,0,0,0,0,0,0,1,1,0,,
01328656920118200001,2014,M,1,450,0,0,1,12,Aberto,1,0,0,0,0,1,0,0,0,0,,
01334107120138200001,2014,M,1,160,0,0,1,4,Aberto,1,0,0,0,0,0,0,0,0,0,,
01435345020128200001,2014,M,1,720,0,0,1,10,Aberto,0,0,0,0,0,0,0,0,0,1,,
01451762420138200001,2014,M,1,960,0,0,1,16,Aberto,0,0,0,0,0,1,0,1,0,0,,
01453859020138200001,2014,M,1,1290,1,180,1,100,Semi-Aberto,1,1,0,0,0,1,0,1,1,0,,
01454014420138200001,2014,M,1,2304,0,0,1,100,Fechado,1,0,0,0,0,1,0,1,0,0,,
01454014420138200001,2014,M,1,2880,0,360,1,134,Fechado,1,0,0,0,0,1,0,1,0,0,,
02054401720078200001,2014,M,1,450,0,0,1,12,Aberto,0,0,0,0,0,1,0,1,0,0,,
02393538720078200001,2014,M,1,1800,0,590,1,50,Semi-Aberto,1,1,0,0,0,1,0,0,1,0,,
02421937020078200001,2014,M,1,1440,0,333,1,30,Aberto,1,0,0,0,0,1,0,0,0,1,,
02477149320078200001,2014,F,1,1440,0,0,1,40,Aberto,1,0,0,0,0,1,1,1,0,0,,
04007141120108200001,2014,F,1,3080,0,0,1,42,Fechado,1,1,1,0,0,1,0,1,1,0,,
04077544420108200001,2014,F,1,3360,0,0,1,84,Fechado,1,1,0,0,0,1,0,1,1,0,,
04077544420108200001,2014,F,1,3360,0,0,1,84,Fechado,1,1,0,0,0,1,0,0,1,0,,
04159726120108200001,2014,M,1,2040,0,0,1,36,Semi-Aberto,1,1,0,0,0,0,0,1,0,0,,
01209883520118200001,2014,M,1,1080,0,0,1,10,Aberto,0,0,0,0,0,0,0,0,0,1,,
00031290320088200001,2015,F,1,875,0,0,1,13,Aberto,0,0,0,0,0,1,1,0,0,0,,
00034668920088200001,2015,M,1,2420,0,0,1,25,Semi-Aberto,0,0,0,0,0,1,1,0,0,0,,
00037831920108200001,2015,M,1,1365,0,90,1,21,Semi-Aberto,0,1,0,0,0,0,1,0,1,0,,
00048802520088200001,2015,M,1,2640,0,0,1,35,Semi-Aberto,0,0,0,0,0,1,1,0,0,0,,
00048802520088200001,2015,M,1,1980,0,0,1,20,Semi-Aberto,0,0,0,0,0,1,1,0,0,0,,
00056216020118200001,2015,M,1,3120,0,0,1,60,Fechado,1,1,0,0,0,1,1,0,0,0,,
00089038220068200001,2015,M,1,1920,0,240,1,13,Semi-Aberto,1,0,0,0,0,1,0,0,0,0,,
00109996520098200001,2015,M,1,2240,0,0,1,15,Semi-Aberto,0,0,0,0,0,0,0,0,0,0,,
01503960320138200001,2015,M,1,850,0,0,1,12,Aberto,1,0,0,0,0,1,1,0,0,0,,
00150439320108200001,2015,M,1,1440,0,120,1,10,Aberto,0,0,0,0,0,0,0,0,0,1,,
00142390420058200001,2015,F,1,900,0,0,1,12,Aberto,1,0,0,0,0,0,0,0,0,0,,
00106541032015820001,2016,M,1,720,0,0,1,10,Aberto,1,0,0,0,0,0,0,0,0,1,,
01043623820118200001,2016,M,1,3325,0,0,1,77,Fechado,1,0,0,0,0,1,1,0,0,0,,
01043623820118200001,2016,M,1,4900,0,0,1,135,Fechado,1,0,0,0,1,1,1,0,0,0,,
01045356220118200001,2016,M,1,1650,0,0,1,13,Semi-Aberto,0,1,0,1,0,0,0,0,0,0,,
01048283220118200001,2016,M,1,1920,0,0,1,13,Semi-Aberto,1,0,0,0,0,1,0,0,0,0,,
01056732520158200001,2016,M,0,0,1,0,1,10,Semi-Aberto,0,0,0,0,0,1,0,0,1,1,,
01057096720158200001,2016,M,1,600,0,0,1,16,Aberto,1,0,0,0,0,1,1,0,0,0,,
01060970420148200001,2016,M,0,0,1,0,1,10,Aberto,0,0,0,0,0,0,0,0,0,1,,
01075422320158200001,2016,M,1,2240,0,0,1,15,Semi-Aberto,0,0,0,0,0,1,1,0,0,0,,
01078834920158200001,2016,M,0,0,1,90,1,22,Aberto,1,0,0,0,0,1,1,0,0,0,,
01086066820158200001,2016,M,0,0,1,10,1,16,Aberto,1,0,0,0,0,1,0,0,0,0,,
01088950620128200001,2016,M,1,2592,0,0,1,79,Semi-Aberto,1,0,0,0,0,1,1,0,0,0,,
01088950620128200001,2016,M,1,3135,0,0,1,96,Fechado,1,0,0,0,0,1,1,0,0,0,,
01088950620128200001,2016,M,1,3024,0,0,1,79,Fechado,1,0,0,0,0,1,1,0,0,0,,
01091358720158200001,2016,M,1,1555,0,0,1,9,Semi-Aberto,0,0,0,0,0,0,0,0,0,0,,
01003778520168200001,2016,M,1,3523,0,0,1,35,Fechado,0,1,0,0,0,0,1,0,1,0,,
01006437220168200001,2016,M,1,1920,0,0,1,13,Semi-Aberto,0,0,0,1,0,0,1,0,0,0,,
1050220129,2010,M,1,720,0,0,1,10,Aberto,0,0,0,0,0,0,0,0,0,1,,
1060245728,2010,M,1,1620,0,0,1,15,Semi-Aberto,1,1,0,0,1,0,0,1,0,0,,
1080333452,2010,M,1,4080,1,210,1,40,Fechado,1,1,1,0,1,1,1,1,1,0,,
1080361189,2010,M,1,3240,0,90,1,25,Fechado,1,0,0,0,1,1,1,1,1,0,,
1090312644,2010,M,1,2880,0,0,1,80,Fechado,1,0,1,1,1,1,1,1,1,0,,
22406442004,2010,M,1,720,0,0,1,20,Aberto,1,1,1,0,1,1,1,1,0,0,,
1050298055,2010,M,0,0,1,0,1,15,Fechado,0,0,0,0,0,0,1,1,0,0,,
402288692010,2011,M,1,3360,0,0,1,37,Fechado,0,1,0,0,0,0,1,1,1,0,,
402496532010,2011,M,1,1620,0,0,0,0,Semi-Aberto,1,0,0,0,0,1,1,0,0,0,,
403136562010,2011,M,1,540,1,0,1,12,Aberto,1,0,0,0,0,0,0,1,0,0,,
405109462010,2011,M,1,1920,0,0,1,40,Semi-Aberto,1,0,0,0,1,0,0,1,0,0,,
01170806720118200001,2011,M,1,600,0,0,1,12,Fechado,0,0,0,0,1,0,1,1,1,0,,
414878782010,2011,M,1,1980,0,0,1,18,Fechado,1,0,0,0,1,0,0,1,1,0,,
02263731120078200001,2011,M,1,720,0,0,1,10,Fechado,0,0,0,0,0,0,0,0,0,1,,
02246201920078200001,2011,F,1,600,0,0,1,12,Aberto,0,0,0,0,1,0,0,1,0,0,,
02223562920078200001,2011,F,1,720,0,0,1,20,Fechado,1,0,0,0,1,0,0,1,1,1,,
01083685420128200001,2012,M,1,900,0,0,1,27,Fechado,0,1,0,0,1,0,0,1,1,0,,
01087816720128200001,2012,M,1,720,0,0,1,10,Fechado,0,0,0,0,0,0,0,0,0,1,,
01180004120118200001,2012,M,1,1920,0,0,1,16,Semi-Aberto,1,0,0,0,0,0,0,1,0,0,,
01183959620128200001,2012,M,1,1620,0,0,1,12,Semi-Aberto,0,0,0,0,1,0,1,1,0,0,,
01224087520118200001,2012,M,1,1920,1,0,0,16,Semi-Aberto,0,0,0,0,0,0,0,1,0,0,,
01227257320118200001,2012,M,1,1440,0,0,1,10,Semi-Aberto,0,0,0,0,1,0,1,1,0,1,,
01233951420118200001,2012,M,1,720,0,0,1,10,Fechado,0,0,0,0,0,0,0,0,0,1,,
01233951420118200001,2012,M,1,720,0,0,1,10,Fechado,0,0,0,0,0,0,0,0,0,1,,
01284946220118200001,2012,M,1,240,0,0,1,7,Fechado,0,1,0,0,1,0,0,1,1,0,,
01294759120118200001,2012,M,1,300,0,0,1,9,Fechado,0,1,0,0,1,0,0,1,1,0,,
02462321320078200001,2013,M,1,600,0,0,1,6,Aberto,0,1,0,0,1,0,0,1,0,0,,
04016945520108200001,2013,F,1,270,0,0,1,6,Aberto,0,0,0,0,1,0,0,1,0,0,,
04066199420108200001,2013,M,1,240,0,0,1,8,Aberto,0,0,0,0,1,0,0,1,0,0,,
01466298820128200001,2013,M,1,1620,0,0,1,18,Fechado,0,0,0,0,1,0,1,1,0,0,,
04105207020108200001,2013,M,0,0,1,90,1,11,Fechado,0,0,0,0,0,0,0,0,0,0,,
04159544020108200001,2013,M,1,720,1,0,1,10,Aberto,0,0,0,0,0,0,0,0,0,1,,
01200175020118200001,2013,M,1,360,0,240,1,10,Aberto,0,0,0,0,0,0,0,1,0,1,,
2104000319,2013,M,1,3900,0,0,1,65,Fechado,1,0,0,0,1,0,1,1,0,0,,
01227537020138200001,2014,M,1,1080,0,0,1,10,Aberto,0,0,0,0,0,0,0,0,0,1,,
01204788520128200001,2014,M,1,540,0,0,1,15,Aberto,0,0,0,0,0,0,0,1,0,0,,
01086046920138200001,2014,M,1,2760,0,0,1,20,Fechado,1,0,0,0,0,0,0,0,1,0,,
01204057920138200001,2014,M,1,1620,0,0,1,15,Fechado,0,0,0,0,1,0,0,1,1,0,,
01280015120128200001,2014,M,1,480,0,0,1,20,Aberto,0,0,0,0,0,0,0,0,0,0,,
01290457120138200001,2014,M,1,1920,0,0,0,0,Semi-Aberto,0,0,0,0,0,0,1,1,0,0,,
01339822720138200001,2014,M,1,2800,0,0,1,32,Fechado,0,0,0,0,0,0,0,0,1,0,,
01353186620138200001,2014,M,1,2600,0,0,1,18,Semi-Aberto,0,0,0,0,0,0,1,1,0,0,,
01410624220138200001,2014,M,1,720,0,0,1,20,Fechado,0,1,0,0,0,0,0,1,1,0,,
01425746020138200001,2014,M,1,840,0,0,1,23,Fechado,0,1,0,0,1,0,1,1,1,0,,
01453633220138200001,2014,M,1,1920,0,0,1,13,Semi-Aberto,0,0,0,0,0,0,0,1,0,0,,
01199371820138200001,2014,M,1,1440,0,0,1,10,Aberto,0,0,0,0,0,0,1,0,0,1,,
01355937820148200001,2015,M,1,600,0,0,1,6,Fechado,0,1,0,0,0,0,0,1,1,0,,
01352432720138200001,2015,M,1,2880,0,150,1,7,Aberto,0,0,0,0,0,0,0,1,0,0,,
01347467620148200001,2015,M,1,1920,0,0,1,16,Semi-Aberto,0,0,0,0,0,0,0,1,0,0,,
01327946220148200001,2015,M,1,3180,0,180,1,26,Fechado,0,0,0,0,0,0,0,1,1,0,,
01184629020148200001,2015,M,1,540,0,0,1,12,Aberto,0,0,0,0,0,0,0,1,0,0,,
01108662120158200001,2016,M,1,1920,0,0,1,13,Semi-Aberto,0,0,0,0,1,0,0,0,0,0,,
01059382720158200001,2016,M,1,4140,0,0,1,36,Fechado,0,1,0,0,0,1,0,0,1,0,,
01059382720158200001,2016,M,1,4320,0,300,1,42,Fechado,0,1,0,0,0,1,0,0,1,0,,
01051033920158200001,2016,M,1,2210,0,0,1,18,Semi-Aberto,0,0,0,0,0,0,0,0,0,0,,
01051033920158200001,2016,M,1,2210,0,0,1,18,Semi-Aberto,0,0,0,0,0,0,0,0,0,0,,
01029353020168200001,2016,M,1,3475,0,0,1,32,Fechado,0,1,0,0,0,1,0,0,1,0,,
01026564420168200001,2016,M,1,1920,0,0,1,13,Semi-Aberto,0,0,0,0,0,0,0,0,0,0,,
01001950220168200001,2016,M,1,2210,1,0,1,15,Semi-Aberto,0,0,0,0,0,0,0,0,0,0,,
01096875220158200001,2016,M,1,3690,0,0,1,36,Fechado,0,1,0,0,0,0,1,0,1,0,,
1072274426,2010,M,0,0,1,0,0,0,Aberto,1,0,1,0,1,0,0,1,0,0,CP-129,CP-pessoa
1072310791,2010,M,1,720,0,0,1,10,Aberto,0,0,0,0,0,0,0,0,0,1,Lei10826-14,ArmasFogo
1072338572,2010,M,1,540,0,0,1,15,Aberto,1,0,0,1,0,0,0,1,0,0,CP-278,CP-outros
1072345854,2010,F,1,540,0,0,1,20,Aberto,0,0,0,0,0,0,1,1,0,0,Lei10741-102,Outros
1072345854,2010,F,1,540,0,0,1,20,Aberto,0,0,0,0,0,0,1,1,0,0,Lei10741-102,Outros
1072375982,2010,M,1,480,0,0,1,8,Aberto,1,0,1,0,0,0,0,1,0,0,CP-155,CP-patrimonio
1072386119,2010,M,1,780,0,0,1,20,Aberto,1,0,0,0,0,0,0,1,0,0,CP-155-14,CP-patrimonio
1072464225,2010,M,1,480,0,0,1,10,Aberto,1,0,0,0,0,0,0,1,0,0,CP-155-14,CP-patrimonio
1072487500,2010,M,1,1440,0,0,1,10,Aberto,1,0,0,0,1,0,0,1,0,1,CP-157,CP-patrimonio
1072487802,2010,M,1,720,0,0,1,10,Aberto,0,0,1,0,0,0,0,0,0,1,Lei10826-14,ArmasFogo
1072488159,2010,M,1,480,0,0,1,28,Aberto,0,0,0,0,0,0,0,0,0,0,CP-155,CP-patrimonio
1085031640,2010,M,1,1050,0,0,1,15,Aberto,1,0,1,0,0,1,0,1,0,0,CP-155-ECA-244,CP-patrimonio
1085031640,2010,M,1,1260,0,90,1,16,Fechado,1,0,1,0,0,1,0,1,1,0,CP-155-ECA-244,CP-patrimonio
1104004828,2010,M,1,1920,0,0,1,20,Semi-Aberto,1,0,0,0,0,0,0,1,0,0,CP-157,CP-patrimonio
1105016528,2010,M,1,1920,0,0,1,16,Semi-Aberto,1,0,0,0,0,0,0,1,0,0,CP-157,CP-patrimonio
05016980320108200001,2010,M,1,1800,1,0,1,30,Semi-Aberto,1,0,1,0,0,0,0,0,1,0,CP-157,CP-patrimonio
02079076620078200001,2011,M,1,540,0,0,1,12,Aberto,0,0,1,1,1,0,1,1,0,0,CP-155,CP-patrimonio
1080393129,2011,M,0,0,1,0,1,10,Aberto,0,0,0,0,0,0,0,0,0,1,CTB-306,Transito
1090391692,2011,M,1,720,0,0,1,10,Aberto,0,0,1,0,0,0,0,0,0,1,Lei10826-14,ArmasFogo
1104077230,2011,M,1,3286,0,0,1,94,Fechado,1,0,1,1,0,0,0,0,0,0,CP-157-244-ECA-244,CP-patrimonio
1104106809,2011,M,1,1920,0,0,1,40,Semi-Aberto,0,0,0,0,0,0,0,0,0,0,CP-157,CP-patrimonio
406956832010,2011,M,1,900,1,120,1,18,Aberto,1,0,1,0,0,0,0,0,0,0,Lei10826-14,ArmasFogo
00360233220088200001,2011,M,1,720,0,0,1,30,Aberto,0,1,0,0,0,0,0,0,0,0,CP-180,CP-patrimonio
01125398820118200001,2011,M,1,2340,0,0,1,32,Semi-Aberto,1,0,0,0,0,0,1,1,0,0,CP-157,CP-patrimonio
01125398820118200001,2011,M,1,1980,0,325,1,22,Semi-Aberto,1,0,0,0,0,0,1,1,0,0,CP-157,CP-patrimonio
01156862520118200001,2011,M,1,1440,0,0,1,20,Semi-Aberto,0,0,1,0,0,0,0,0,0,1,CP-157,CP-patrimonio
0123284302011820001,2011,M,1,720,0,0,1,15,Aberto,1,1,1,0,0,0,0,1,0,1,Lei10826-14,ArmasFogo
01113974920118200001,2012,M,1,450,0,0,1,12,Aberto,1,0,0,0,0,0,0,0,0,0,CP-155,CP-patrimonio
01118146520128200001,2012,M,1,1920,0,300,1,26,Semi-Aberto,1,0,1,0,0,1,0,1,0,0,CP-157,CP-patrimonio
01118146520128200001,2012,M,1,1920,0,0,1,26,Semi-Aberto,1,0,1,0,0,1,0,1,0,0,CP-157,CP-patrimonio
01140092320128200001,2012,M,1,840,0,0,1,35,Fechado,0,0,1,0,0,0,1,0,1,0,CP-155,CP-patrimonio
01140092320128200001,2012,M,1,900,0,0,1,24,Aberto,1,0,0,0,0,0,1,0,0,0,CP-180,CP-patrimonio
01152494720128200001,2012,M,1,990,0,0,1,30,Aberto,1,0,1,0,0,0,0,0,0,0,CP-155,CP-patrimonio
01152494720128200001,2012,M,1,840,0,0,1,25,Aberto,1,0,1,0,0,0,0,0,0,0,CP-155,CP-patrimonio
01213968920128200001,2012,M,1,1440,0,0,1,25,Aberto,1,0,1,0,0,0,0,0,0,1,CP-157,CP-patrimonio
01250814120118200001,2012,M,1,900,0,0,1,25,Aberto,0,0,1,0,0,0,0,0,0,0,Lei10826-15,ArmasFogo
01318633020128200001,2012,M,1,2240,0,0,1,30,Semi-Aberto,0,0,1,0,0,0,0,0,0,0,CP-157,CP-patrimonio
01340825020118200001,2012,M,1,1560,0,60,1,40,Semi-Aberto,0,0,0,0,0,0,1,0,1,0,CP-157,CP-patrimonio
01191571520128200001,2013,M,1,900,0,0,1,20,Semi-Aberto,1,0,0,0,0,0,1,1,1,0,CP-171,CP-patrimonio
01206127820138200001,2013,M,1,2520,0,0,1,32,Fechado,0,1,0,0,0,0,0,0,1,0,CP-157,CP-patrimonio
01213697220138200001,2013,M,1,1920,1,0,1,13,Fechado,0,0,0,0,0,0,0,0,1,0,CP-157,CP-patrimonio
01217160820138200001,2013,M,1,1080,0,0,1,10,Aberto,0,0,1,0,0,0,0,0,0,0,Lei10826-16,ArmasFogo
01227692420138200001,2013,M,1,780,0,0,1,6,Aberto,0,0,0,0,0,0,0,0,0,0,CP-157,CP-patrimonio
01237883620118200001,2013,M,1,1920,0,0,1,13,Semi-Aberto,0,0,0,0,0,0,0,0,0,0,CP-157,CP-patrimonio
01265331820138200001,2013,M,1,3960,0,0,1,100,Fechado,1,0,0,0,0,1,1,0,0,0,CP-157-244-ECA-244,CP-patrimonio
01279780820128200001,2013,M,1,720,0,0,1,10,Aberto,0,0,0,0,0,0,0,0,0,1,Lei10826-14,ArmasFogo
01279780820128200001,2013,M,1,720,0,0,1,10,Aberto,0,0,0,0,0,0,0,0,0,1,Lei10826-14,ArmasFogo
01292832720128200001,2013,M,1,2700,0,0,1,33,Fechado,1,0,1,0,1,0,1,0,0,0,CP-157,CP-patrimonio
01292832720128200001,2013,M,1,2700,0,0,1,33,Fechado,1,0,1,0,1,0,1,0,0,0,CP-157,CP-patrimonio
01345637620128200001,2013,M,1,540,1,0,1,15,Semi-Aberto,1,0,0,0,1,0,0,1,1,0,CP-155,CP-patrimonio
01106612620148200001,2014,M,1,360,0,0,1,8,Aberto,0,0,0,0,0,1,0,0,0,1,CP-155,CP-patrimonio
01135825520148200001,2014,M,1,420,0,240,1,10,Semi-Aberto,0,0,0,0,0,1,0,0,1,0,CP-155,CP-patrimonio
01159884920148200001,2014,M,0,0,1,240,1,12,Aberto,0,0,0,0,0,1,1,0,0,0,CTB-306-309,Transito
01177908220148200001,2014,F,1,480,0,0,1,13,Aberto,0,0,0,0,0,0,0,0,0,0,CP-168,CP-patrimonio
01206488620148200001,2014,M,1,720,0,0,1,10,Aberto,0,0,0,0,0,0,0,0,0,1,CP-155,CP-patrimonio
01229490620148200001,2014,M,1,540,0,0,1,15,Semi-Aberto,0,1,0,0,0,0,0,0,1,0,CP-180,CP-patrimonio
01250479520138200001,2014,M,1,540,1,0,1,32,Semi-Aberto,0,0,1,0,0,0,0,0,1,0,CP-180eLei9503-306,CP-patrimonio
01306571020148200001,2014,M,1,2460,0,0,1,39,Semi-Aberto,0,0,0,0,0,0,0,0,0,0,CP-157-244-ECA-244,CP-patrimonio
01334054920138200001,2014,M,1,540,0,0,1,5,Aberto,0,0,0,0,0,0,0,0,0,0,CP-157,CP-patrimonio
01001390320158200001,2015,M,1,360,0,0,1,10,Aberto,0,0,0,0,0,0,0,0,0,1,CP-180,CP-patrimonio
01001390320158200001,2015,M,1,540,0,0,1,15,Semi-Aberto,0,0,0,0,0,0,0,0,1,0,CP-180,CP-patrimonio
00062683120068200001,2015,M,1,150,0,0,1,5,Aberto,0,0,0,0,0,0,1,0,0,0,CP-155,CP-patrimonio
00204644020058200001,2015,M,1,1080,0,0,1,10,Aberto,0,0,0,0,0,0,0,0,0,1,CP-180,CP-patrimonio
01000740820158200001,2015,M,1,1710,0,0,1,15,Fechado,0,0,0,0,0,0,0,0,1,0,CP-157,CP-patrimonio
01000793020158200001,2015,M,1,2520,0,0,1,30,Fechado,0,0,0,0,0,1,1,0,1,0,CP-157,CP-patrimonio
01001494720158200001,2015,M,1,720,1,0,1,10,Aberto,0,0,0,0,0,0,0,0,0,1,CP-155,CP-patrimonio
01002144220158200001,2015,M,1,720,0,0,1,15,Aberto,0,0,0,0,0,1,1,0,0,0,CP-155,CP-patrimonio
01002257120158200001,2015,M,1,1440,0,0,1,20,Aberto,0,0,0,0,0,0,0,0,0,0,Lei10826-16,ArmasFogo
00139607620098200001,2016,M,1,360,0,0,1,8,Aberto,0,0,0,0,0,1,0,0,0,1,CP-155,CP-patrimonio
01000036920168200001,2016,M,1,2400,0,0,1,16,Semi-Aberto,0,0,0,0,0,1,0,0,0,0,CP-157,CP-patrimonio
01000036920168200001,2016,M,1,3000,0,0,1,32,Fechado,0,0,0,0,0,1,0,0,1,0,CP-157,CP-patrimonio
01000478820168200001,2016,F,1,720,0,0,1,10,Aberto,0,0,0,0,0,0,0,0,0,1,CP-155,CP-patrimonio
01000219020168200001,2016,M,1,2160,0,0,1,20,Fechado,0,0,0,0,0,0,0,0,1,0,CP-157,CP-patrimonio
01000219020168200001,2016,M,1,1920,0,0,1,13,Semi-Aberto,0,0,0,0,0,0,0,0,0,0,CP-157,CP-patrimonio
01001681920168200001,2016,M,1,1350,0,0,1,20,Semi-Aberto,0,1,0,0,0,0,0,0,1,0,CP-155,CP-patrimonio
01002502120148200001,2016,M,1,2400,0,0,1,20,Semi-Aberto,0,0,0,0,0,1,1,0,0,0,CP-157,CP-patrimonio
01005978320168200001,2016,M,1,720,0,0,1,10,Aberto,0,0,0,0,0,0,0,0,0,1,Lei10826-14,ArmasFogo
01010533320168200001,2016,M,1,1440,0,0,1,10,Aberto,0,0,0,0,0,0,0,0,0,1,CP-157,CP-patrimonio
01011511820168200001,2016,F,1,480,0,0,1,6,Aberto,0,0,0,0,0,0,0,0,0,0,CP-155,CP-patrimonio
01010704020148200001,2016,M,0,0,1,0,1,7,Aberto,0,0,0,0,0,0,0,0,0,0,CP-163,CP-patrimonio
01099265620158200001,2016,M,0,0,1,0,1,7,Aberto,0,0,0,0,0,0,0,0,0,0,CP-171,CP-patrimonio
00185491420098200001,2010,M,1,720,0,0,1,10,Aberto,0,0,0,0,0,0,0,0,0,1,,
00185500420068200001,2010,M,1,480,0,0,1,10,Aberto,0,0,0,0,0,0,0,0,0,0,,
00191376020058200001,2010,M,1,1440,0,0,1,20,Aberto,0,0,0,0,0,0,0,0,0,1,,
00191981820058200001,2010,M,1,2520,0,0,1,25,Semi-Aberto,0,0,1,0,0,0,0,0,0,0,,
00194426820108200001,2010,M,1,1620,0,0,1,10,Semi-Aberto,0,1,0,0,0,0,0,0,0,0,,
00200821320068200001,2010,M,1,1080,0,0,1,18,Aberto,1,0,0,0,0,0,0,0,1,1,,
00215865420068200001,2010,M,1,1440,0,0,1,10,Semi-Aberto,0,0,0,0,1,0,0,0,0,1,,
00217250620068200001,2010,M,1,540,0,0,1,14,Aberto,1,0,0,0,1,0,0,0,0,0,,
00224092320098200001,2010,M,1,720,0,0,1,10,Aberto,0,1,0,0,1,0,0,0,0,1,,
00243868920058200001,2010,M,1,720,0,420,1,10,Aberto,0,0,0,0,0,0,0,0,0,1,,
00273640520068200001,2010,M,1,1280,0,0,1,9,Aberto,0,1,0,0,1,0,0,0,0,0,,
1060256401,2011,M,1,2970,0,0,1,84,Fechado,1,1,1,0,0,1,1,0,0,0,CP-157,CP-patrimonio
1060256401,2011,M,1,2880,0,0,1,80,Fechado,1,1,0,0,0,1,1,0,0,0,CP-157,CP-patrimonio
02074390520078200001,2011,M,1,450,0,0,1,12,Aberto,1,0,0,0,0,0,0,0,0,0,CP-155-14,CP-patrimonio
00198916520068200001,2011,F,1,225,0,0,1,10,Aberto,1,0,0,0,0,1,0,0,0,0,CP-171,CP-patrimonio
00198916520068200001,2011,M,1,180,0,0,1,9,Aberto,1,0,0,0,0,1,0,0,0,0,CP-171,CP-patrimonio
01028147520118200001,2011,M,1,420,0,0,1,6,Semi-Aberto,1,0,1,0,1,0,0,1,1,0,CP-155-14,CP-patrimonio
01165384920118200001,2011,M,1,1520,0,90,1,13,Semi-Aberto,1,0,0,0,0,0,0,0,0,0,CP-157,CP-patrimonio
01233129520118200001,2011,M,1,2520,0,0,1,46,Semi-Aberto,1,1,0,0,0,0,0,0,0,0,CP-157,CP-patrimonio
02125697320078200001,2011,M,1,3120,0,0,1,13,Fechado,1,0,0,0,0,0,0,0,0,0,CP-157,CP-patrimonio
02146742320078200001,2011,M,1,720,0,0,1,15,Aberto,1,0,0,0,0,0,0,0,0,1,Lei10826-15,ArmasFogo
01063396520128200001,2012,M,1,240,0,0,1,3,Aberto,1,0,0,0,0,0,0,0,0,0,CP-155-14,CP-patrimonio
01093933920118200001,2012,M,1,2040,0,0,1,20,Fechado,1,1,0,0,0,0,0,0,0,0,CP-157,CP-patrimonio
01093933920118200001,2012,M,1,1920,0,0,1,20,Fechado,1,0,0,0,0,0,0,0,0,0,CP-157,CP-patrimonio
01146926020128200001,2012,F,1,1560,0,30,1,32,Fechado,1,1,1,1,1,1,0,0,1,0,CP-157-14,CP-patrimonio
01247679520118200001,2012,M,1,3120,0,0,1,88,Fechado,1,1,1,0,1,1,0,0,1,0,CP-157,CP-patrimonio
01255959120118200001,2012,M,1,2880,0,0,1,25,Semi-Aberto,1,0,0,0,1,0,0,0,0,0,CP-157,CP-patrimonio
01280209120118200001,2012,M,1,120,0,0,1,3,Aberto,1,0,0,0,0,0,0,0,0,0,CP-157-14,CP-patrimonio
01097412320128200001,2013,M,1,900,0,0,1,45,Aberto,0,0,1,0,0,0,0,0,0,0,,
01013261720138200001,2013,M,1,960,0,0,1,18,Semi-Aberto,0,1,0,0,0,0,0,0,1,0,,
01054747120138200001,2013,M,1,240,0,0,1,6,Aberto,0,0,0,0,0,0,0,0,0,0,,
01191127420138200001,2013,M,1,1920,0,0,1,13,Semi-Aberto,0,1,0,0,0,0,0,0,0,0,,
01260891920128200001,2013,M,1,510,0,0,1,13,Semi-Aberto,1,0,0,0,0,1,0,1,1,0,,
01296051320138200001,2013,M,1,1680,0,0,1,17,Semi-Aberto,0,0,0,0,0,0,0,0,0,0,,
01307192120128200001,2013,M,1,5760,0,0,1,134,Fechado,1,0,0,0,0,1,1,0,0,0,,
01321439820128200001,2013,M,1,1980,0,0,1,35,Fechado,1,0,0,0,0,0,0,1,1,0,,
01333264120118200001,2013,M,1,540,0,0,1,80,Aberto,0,0,0,0,0,0,0,0,0,0,,
01152503220128200001,2014,M,0,0,1,0,1,12,Semi-Aberto,1,1,0,0,0,0,0,0,1,0,Lei10826-12,ArmasFogo
001507920018200001,2014,M,1,1920,0,0,1,13,Semi-Aberto,1,0,0,0,0,0,0,0,0,0,CP-157,CP-patrimonio
01006000920148200001,2014,M,1,1620,0,0,1,25,Semi-Aberto,0,1,0,0,0,0,0,0,1,0,CP-157,CP-patrimonio
01081245720148200001,2014,M,1,900,0,0,1,30,Semi-Aberto,1,0,0,0,1,0,0,0,1,0,CP-155,CP-patrimonio
01081245720148200001,2014,M,1,900,0,0,1,30,Semi-Aberto,1,0,0,0,1,0,0,0,1,0,CP-155,CP-patrimonio
01124506020148200001,2014,M,1,2700,0,0,1,30,Fechado,1,0,1,1,0,0,0,0,1,0,CP-157,CP-patrimonio
01164579520148200001,2014,M,1,1920,0,0,1,13,Semi-Aberto,1,0,0,0,0,0,0,0,0,0,CP-157,CP-patrimonio
01217418520148200001,2014,M,1,1920,0,0,1,16,Semi-Aberto,1,0,0,0,0,0,0,0,0,0,CP-157,CP-patrimonio
01323197720128200001,2014,M,1,360,1,0,1,10,Aberto,0,1,0,0,0,0,0,0,0,1,CP-157,CP-patrimonio
28620108200001,2015,M,1,1350,0,0,1,30,Aberto,0,0,0,0,0,1,1,0,0,0,Lei10826-15,ArmasFogo
00001238520088200001,2015,M,1,480,0,0,1,3,Aberto,0,0,0,0,0,0,0,0,0,1,CP-157-14,CP-patrimonio
00042847020108200001,2015,M,1,4800,0,0,1,400,Fechado,1,0,0,0,0,1,0,1,0,0,CP-71-312,CP-outros
00042847020108200001,2015,M,1,2460,0,0,1,166,Semi-Aberto,1,0,0,0,0,0,0,1,0,0,CP-71-312,CP-outros
00076586520088200001,2015,M,1,2592,0,0,1,35,Fechado,1,1,0,0,0,0,0,0,1,0,CP-157,CP-patrimonio
00076586520088200001,2015,M,1,2268,0,0,1,21,Fechado,1,0,0,0,0,0,0,0,1,0,CP-157,CP-patrimonio
00099529020088200001,2015,M,0,0,1,0,0,0,Aberto,0,0,0,0,0,0,0,0,0,1,CP-157,CP-patrimonio
00239768920098200001,2015,M,1,1920,0,0,1,13,Semi-Aberto,1,0,0,0,0,0,0,0,0,0,CP-157,CP-patrimonio
00245822520068200001,2015,M,1,3840,0,0,1,333,Fechado,1,1,1,1,0,1,1,1,0,0,CP-157,CP-patrimonio
00295993720098200001,2015,M,1,1920,0,0,1,13,Semi-Aberto,0,1,0,0,0,0,0,0,0,0,CP-157,CP-patrimonio
00407122220088200001,2015,M,1,2160,0,0,1,24,Semi-Aberto,0,1,0,0,0,0,0,0,0,0,CP-157,CP-patrimonio
00407122220088200001,2015,M,1,1920,0,0,1,13,Semi-Aberto,0,0,0,0,1,0,0,0,0,0,CP-157,CP-patrimonio
01004829620158200001,2015,M,1,120,0,0,1,4,Semi-Aberto,0,0,0,0,0,0,0,0,1,0,CP-155,CP-patrimonio
01007889620148200002,2016,M,1,2160,0,0,1,53,Semi-Aberto,1,0,0,0,0,0,0,0,0,0,CP-157,CP-patrimonio
00107918120098200001,2016,M,1,570,0,0,1,5,Fechado,0,1,0,0,0,0,0,0,1,0,CP-157-14,CP-patrimonio
02069852520078200001,2016,M,1,2240,0,0,1,26,Fechado,0,0,0,0,0,0,0,0,0,0,CP-157,CP-patrimonio
01103925020158200001,2016,M,1,2070,0,0,1,26,Semi-Aberto,0,1,0,0,0,0,0,0,0,0,CP-157,CP-patrimonio
01113971020158200001,2016,M,1,2640,0,0,1,120,Semi-Aberto,0,1,1,1,0,0,0,0,0,0,CP-157,CP-patrimonio
01121116720158200001,2016,M,1,1920,0,0,1,13,Semi-Aberto,0,0,0,0,0,0,0,0,0,0,CP-157,CP-patrimonio
01124900820158200001,2016,M,1,2765,0,0,1,42,Fechado,0,1,0,0,0,0,0,0,1,0,CP-157,CP-patrimonio
01138870520158200001,2016,M,1,1530,0,0,1,10,Semi-Aberto,0,1,0,0,0,0,0,0,0,1,CP-157,CP-patrimonio
01235683320148200001,2016,F,1,720,0,0,1,10,Aberto,0,0,0,0,0,0,0,0,0,1,CP-342,CP-adminPublico
01235683320148200001,2016,M,1,720,0,0,1,10,Aberto,0,0,0,0,0,0,0,0,0,1,CP-342,CP-adminPublico
01331193720148200001,2016,M,1,1560,0,0,1,15,Fechado,1,1,0,0,0,0,0,0,1,0,CP-157,CP-patrimonio
02222203220078200001,2016,M,1,1920,0,0,1,13,Semi-Aberto,0,1,1,0,0,0,0,1,0,0,CP-157,CP-patrimonio
04044746520108200001,2016,M,1,1920,0,0,1,13,Semi-Aberto,0,0,0,0,0,0,0,0,0,0,CP-157,CP-patrimonio
04044746520108200001,2016,M,1,2400,0,0,1,60,Fechado,0,1,0,0,0,0,0,0,1,0,CP-157,CP-patrimonio
02453522120078200001,2010,M,1,360,0,0,1,15,Aberto,0,1,1,0,0,0,0,0,0,1,,
02462677020078200001,2010,M,1,360,0,0,1,27,Aberto,1,0,0,0,0,0,1,0,0,0,,
02470401820078200001,2010,M,1,600,0,0,1,15,Semi-Aberto,0,0,0,0,0,0,1,0,1,0,,
02488684920078200001,2010,M,1,73,0,0,1,2,Aberto,0,0,0,0,0,0,0,0,0,0,,
04014018520108200001,2010,M,1,400,0,0,1,20,Semi-Aberto,0,0,0,0,0,1,0,0,1,0,,
04033487720108200001,2010,M,1,1440,0,0,1,10,Aberto,0,0,0,0,0,1,0,0,0,1,,
04038111920108200001,2010,M,1,2040,0,0,1,33,Semi-Aberto,0,0,0,0,0,1,0,0,0,0,,
04039489820108200001,2010,M,1,720,0,0,1,10,Semi-Aberto,0,1,0,0,0,0,0,0,0,1,,
09004981319988200001,2010,M,1,2280,0,0,1,40,Semi-Aberto,1,0,0,0,0,1,1,1,0,0,,
09004981319988200001,2010,M,1,2280,0,0,1,40,Semi-Aberto,1,0,0,0,0,1,1,1,0,0,,
09007591219978200001,2010,M,1,2400,0,0,1,66,Semi-Aberto,1,0,0,0,0,1,1,0,0,0,,
00412532120098200001,2010,M,1,2520,0,0,1,38,Fechado,0,0,0,0,1,1,0,0,1,0,,
00412749420098200001,2010,M,1,520,0,105,1,23,Fechado,0,0,0,0,1,1,0,0,1,0,,
04042919420108200001,2011,M,1,3640,0,105,1,123,Fechado,1,0,0,0,1,1,1,0,0,0,,
04042919420108200001,2011,M,1,3360,0,120,1,108,Fechado,1,0,0,0,1,1,1,0,0,0,,
04061140620108200001,2011,M,1,1755,0,0,1,60,Semi-Aberto,0,1,0,0,0,1,0,0,1,0,,
04061140620108200001,2011,M,1,1350,0,0,1,30,Semi-Aberto,0,1,0,0,0,1,0,0,1,0,,
04106895720108200001,2011,M,1,1680,0,0,1,11,Semi-Aberto,0,0,0,0,1,0,0,0,0,0,,
04107467520108200001,2011,M,1,280,0,0,1,4,Semi-Aberto,0,0,0,0,0,0,0,0,1,0,,
02077474120078200001,2011,M,1,1920,0,0,1,26,Semi-Aberto,0,0,0,0,0,0,0,0,0,0,,
02077474120078200001,2011,M,1,1920,0,0,1,26,Semi-Aberto,0,0,0,0,0,0,0,0,0,0,,
02132565020078200001,2011,M,1,720,0,0,1,20,Aberto,0,0,0,0,0,0,0,0,0,1,,
02474438420078200001,2011,M,1,2880,0,0,1,53,Fechado,0,0,0,0,0,0,0,0,1,0,,
02474438420078200001,2011,M,1,3120,0,0,1,46,Fechado,1,0,0,0,0,0,0,0,1,0,,
02474438420078200001,2011,M,1,3120,0,0,1,46,Fechado,1,0,0,0,0,0,0,0,1,0,,
04045993320108200001,2011,M,1,1140,0,0,1,11,Aberto,0,0,0,0,0,1,0,0,0,0,,
04045993320108200001,2011,M,1,1020,0,0,1,8,Aberto,1,0,0,0,0,1,0,0,0,0,,
01283620520118200001,2012,M,1,150,0,0,1,10,Aberto,1,0,0,0,0,1,0,0,0,0,CP-155-14,CP-patrimonio
01308615920118200001,2012,M,1,630,0,0,1,7,Aberto,0,0,0,0,0,0,0,0,0,0,Lei10826-14,ArmasFogo
01308615920118200001,2012,M,1,630,0,0,1,7,Aberto,0,0,0,0,0,0,0,0,0,0,Lei10826-14,ArmasFogo
01308702120118200001,2012,M,1,2800,0,0,1,116,Semi-Aberto,1,0,0,0,0,1,1,0,0,0,CP-157,CP-patrimonio
01308702120118200001,2012,M,1,2706,0,0,1,57,Semi-Aberto,0,0,0,0,0,1,1,0,0,0,CP-157,CP-patrimonio
01319112320118200001,2012,M,1,746,0,0,1,9,Aberto,0,0,0,0,0,1,1,0,0,0,CP-157-14-ECA-244,CP-patrimonio
01323451220118200001,2012,M,1,3400,0,0,1,114,Fechado,1,0,0,0,0,1,1,0,0,0,CP-157,CP-patrimonio
01348885120128200001,2012,M,1,960,0,0,1,10,Aberto,1,0,1,0,0,1,0,0,0,0,CP-157-14,CP-patrimonio
01350282220118200001,2012,M,1,2520,0,0,1,38,Semi-Aberto,1,0,0,0,0,1,1,0,0,0,CP-157,CP-patrimonio
01350282220118200001,2012,M,1,880,0,0,1,15,Aberto,1,0,0,0,0,1,1,0,0,0,CP-157-14,CP-patrimonio
01382300720118200001,2013,M,1,1200,0,0,1,20,Aberto,1,0,0,0,0,1,0,0,0,0,CP-180,CP-patrimonio
01385805820128200001,2013,M,1,270,0,0,1,10,Aberto,1,0,0,0,0,1,0,0,0,0,CP-155-14,CP-patrimonio
01392725720128200001,2013,M,1,1440,0,0,1,22,Aberto,0,0,0,0,0,0,0,0,0,0,CP-157,CP-patrimonio
01393658320138200001,2013,F,1,720,1,0,1,14,Aberto,1,0,0,0,0,1,0,0,0,0,CP-155,CP-patrimonio
01393658320138200001,2013,M,1,780,1,0,1,17,Semi-Aberto,1,0,0,0,0,0,0,0,1,0,CP-155,CP-patrimonio
01408193520128200001,2013,M,1,750,1,0,1,20,Semi-Aberto,0,1,0,0,0,0,0,0,0,0,Lei10826-14,ArmasFogo
01408202020128200001,2013,M,1,720,0,0,1,15,Aberto,1,0,0,0,0,0,0,0,0,1,Lei10826-14,ArmasFogo
01420907920128200001,2013,M,1,540,0,0,1,25,Aberto,0,0,0,0,0,0,1,0,0,0,CP-157,CP-patrimonio
01440965920128200001,2013,M,1,2560,0,0,1,26,Semi-Aberto,1,0,0,0,1,1,1,0,0,0,CP-157,CP-patrimonio
01445859620128200001,2013,M,1,2160,0,0,1,40,Semi-Aberto,1,0,0,0,0,1,0,0,0,0,Lei10826-14,ArmasFogo
01445859620128200001,2013,M,1,720,0,0,1,15,Aberto,1,0,0,0,0,0,0,0,0,1,Lei10826-14,ArmasFogo
01293883320148200001,2014,M,1,2160,0,0,1,40,Semi-Aberto,0,0,0,0,0,1,1,1,0,0,,
01320211720148200001,2014,M,1,720,0,0,1,10,Aberto,0,0,0,0,0,1,0,0,0,1,,
01324138820138200001,2014,M,1,720,0,0,1,10,Aberto,1,0,0,0,0,0,0,0,0,1,,
01353178120138200001,2014,M,1,480,0,0,1,6,Aberto,0,0,0,0,0,0,0,0,0,0,,
01361422520138200001,2014,F,1,2025,0,0,1,15,Aberto,1,0,0,0,1,0,1,0,0,0,,
01363371020138200001,2014,M,1,3400,0,0,1,145,Fechado,1,0,0,0,0,1,0,0,0,0,,
01385274320138200001,2014,M,1,2240,0,0,1,52,Semi-Aberto,0,0,0,0,0,1,1,0,0,0,,
01423485520138200001,2014,M,1,2800,0,0,1,60,Fechado,0,0,0,0,0,0,0,0,1,0,,
01423485520138200001,2014,M,1,2240,0,0,1,39,Fechado,0,0,0,0,0,0,0,0,1,0,,
00013001520128200011,2015,M,1,320,0,0,1,8,Aberto,0,0,0,0,0,0,0,0,0,0,,
00021096920118200001,2015,M,1,240,0,0,1,3,Aberto,0,0,0,0,0,1,0,0,0,0,,
01000654020158200003,2015,M,1,1812,0,0,1,13,Semi-Aberto,0,0,0,0,0,0,0,0,0,0,,
01003244120158200001,2015,M,1,2240,0,0,1,40,Fechado,1,0,0,0,0,1,0,0,1,0,,
01003244120158200001,2015,M,1,1159,0,0,1,13,Aberto,0,0,0,0,0,1,0,0,0,1,,
01005487620158200001,2015,M,1,2160,0,0,1,26,Fechado,0,0,0,0,0,0,0,0,1,0,,
01008397620158200001,2015,M,1,1260,0,0,1,30,Semi-Aberto,0,0,0,0,0,0,0,0,1,0,,
01009367620158200001,2015,M,1,2218,0,360,1,52,Semi-Aberto,1,0,0,0,1,1,0,1,0,0,,
01009367620158200001,2015,M,1,2520,0,0,1,60,Fechado,0,0,0,0,1,1,0,1,1,0,,
01010978620158200001,2015,M,1,1401,0,0,1,10,Aberto,0,0,0,0,0,0,0,0,0,1,,
01014226120158200001,2015,M,1,1620,0,0,1,30,Semi-Aberto,0,0,0,0,0,0,0,0,1,0,,
01093575520158200001,2016,M,1,1105,0,0,1,14,Aberto,0,0,0,0,0,0,0,0,0,0,,
01057936820158200001,2016,M,1,2160,0,0,1,33,Fechado,0,0,0,0,0,1,0,0,1,0,,
01057936820158200001,2016,M,1,1728,0,0,1,13,Semi-Aberto,0,0,0,0,0,1,0,0,0,0,,
01073343920158200001,2016,M,1,1874,0,0,1,13,Semi-Aberto,0,0,0,0,0,1,0,0,0,0,,
01073343920158200001,2016,M,1,2034,0,0,1,26,Semi-Aberto,0,0,0,0,0,1,0,0,0,0,,
01081849320158200001,2016,M,1,260,0,0,1,10,Semi-Aberto,0,0,0,0,0,0,0,0,0,1,,
01081935520158200001,2016,M,1,1140,0,0,1,10,Semi-Aberto,0,0,0,0,0,0,0,1,1,0,,
01083598720158200001,2016,M,1,1829,0,0,1,8,Semi-Aberto,0,0,0,0,0,1,0,0,0,0,,
01089687020158200001,2016,F,1,2516,0,0,1,66,Semi-Aberto,0,0,0,0,0,1,0,0,0,0,,
01089687020158200001,2016,M,1,2520,0,0,1,66,Fechado,0,0,0,0,0,1,0,0,1,0,,
01089980820158200001,2016,M,1,1902,0,0,1,13,Semi-Aberto,0,0,0,0,0,1,0,0,0,0,,
01089980820158200001,2016,M,1,1902,0,0,1,13,Semi-Aberto,0,0,0,0,0,1,0,0,0,0,,
01097342620158200001,2016,M,1,692,0,0,1,10,Aberto,0,0,0,0,0,0,0,1,0,0,,
01099932120158200001,2016,M,1,240,0,0,1,6,Semi-Aberto,0,0,0,0,0,1,0,0,1,1,,
01110870420158200001,2016,M,1,1200,0,0,1,20,Semi-Aberto,0,0,0,0,0,1,0,0,1,0,,
01000608720168200001,2016,M,1,182,0,0,1,6,Aberto,0,0,0,0,0,0,0,0,0,0,,
02000430620098200001,2010,M,1,1650,0,450,1,417,Fechado,1,0,1,1,1,0,0,0,0,0,,
02000448820098200001,2010,M,1,2400,0,0,1,1001,Fechado,1,0,1,1,1,0,0,0,0,0,,
02147833720078200001,2010,M,1,2100,0,0,1,583,Fechado,1,0,1,1,1,0,0,0,0,0,,
02150077220078200001,2010,F,1,3780,0,360,1,1516,Fechado,1,0,1,1,1,0,0,0,0,0,,
02422100920078200001,2010,M,1,1800,0,0,1,500,Fechado,1,0,1,1,1,0,0,0,0,1,,
04001408520108200001,2010,F,1,2100,0,0,1,583,Fechado,1,1,1,1,1,0,0,0,1,0,,
04005443920108200001,2010,M,1,2100,0,0,1,584,Fechado,1,1,1,1,1,0,0,0,1,0,,
04016971020108200001,2010,F,1,1500,0,100,1,417,Fechado,1,0,1,1,1,0,0,0,0,0,,
04160340420108200001,2011,M,1,1800,1,0,1,530,Fechado,1,0,1,1,1,0,0,0,0,1,,
05021891020108200001,2011,M,1,3780,0,450,1,1516,Fechado,1,0,1,1,1,0,0,0,0,0,,
05021909220108200001,2011,M,1,630,0,0,1,35,Aberto,1,0,1,1,1,0,0,0,0,0,,
1104124270,2011,F,1,1500,0,75,1,417,Fechado,1,0,1,1,1,0,0,0,0,0,Lei11343-33,Drogas
1104118009,2011,M,1,1500,0,0,1,417,Fechado,1,0,1,1,1,0,0,0,0,0,Lei11343-33,Drogas
1104125030,2011,M,1,1800,0,0,1,500,Fechado,1,0,1,1,1,0,0,0,0,1,Lei11343-33eLei10826-12,Drogas
1104125048,2011,F,1,2100,0,0,1,583,Fechado,1,1,1,1,1,0,0,0,1,0,Lei11343-33,Drogas
01116232020128200001,2012,M,1,1800,0,0,1,500,Fechado,0,0,0,0,0,0,0,0,0,1,Lei11343-33eLei10826-13,Drogas
01171695620128200001,2012,M,1,1800,0,720,1,500,Fechado,0,0,0,0,0,0,0,0,0,1,Lei11343-33eLei10826-14,Drogas
01187180420128200001,2012,M,1,1500,0,0,1,417,Fechado,0,0,0,0,0,0,0,0,0,0,Lei11343-33,Drogas
01196742020128200001,2012,M,1,1500,0,0,1,417,Fechado,0,0,0,0,0,0,0,0,0,0,Lei11343-33,Drogas
01210893820128200001,2012,M,1,1680,0,0,1,466,Fechado,0,0,0,0,0,0,0,0,1,0,Lei11343-33eLei10826-15,Drogas
01237378820128200001,2012,M,1,1800,0,0,1,500,Fechado,0,0,0,0,0,0,0,0,0,1,Lei11343-33,Drogas
01005788220138200001,2013,F,1,1800,0,0,1,500,Semi-Aberto,1,0,1,0,0,1,0,0,0,1,Lei11343-33,Drogas
01439294220128200001,2013,F,1,1620,0,0,1,450,Semi-Aberto,0,0,1,0,0,1,0,0,0,0,Lei11343-33,Drogas
01441883720128200001,2013,M,1,2520,0,0,1,700,Fechado,0,0,1,0,0,1,0,0,1,0,Lei11343-33,Drogas
01451445320128200001,2013,M,1,1440,0,0,1,400,Aberto,0,0,1,0,1,1,0,0,0,0,Lei11343-33,Drogas
01432556420128200001,2013,M,1,2340,0,0,1,650,Fechado,0,0,0,0,0,1,0,0,1,0,Lei11343-33,Drogas
01445336620138200001,2014,F,1,1890,0,0,1,530,Fechado,0,0,0,0,0,0,0,0,1,0,Lei11343-33,Drogas
01445388820138200001,2014,M,1,2160,0,0,1,600,Fechado,0,0,1,0,0,1,0,0,1,0,Lei11343-33,Drogas
01453823820138200001,2014,M,0,0,1,15,1,615,Semi-Aberto,0,0,1,0,0,1,0,0,0,1,Lei11343-33eLei10826-12,Drogas
01503987020138200001,2014,M,1,1950,0,0,1,542,Semi-Aberto,0,0,1,0,0,1,0,0,0,0,Lei11343-33,Drogas
01503987020138200001,2014,F,1,1575,0,0,1,442,Semi-Aberto,0,0,0,0,0,1,0,0,0,0,Lei11343-33,Drogas
01494858820138200001,2014,M,1,1680,1,360,1,476,Semi-Aberto,0,0,0,0,0,1,0,0,0,0,Lei11343-33,Drogas
01488787520138200001,2014,M,1,1650,0,0,1,459,Semi-Aberto,0,0,1,0,0,1,0,0,0,0,Lei11343-33,Drogas
01001710820158200001,2015,M,1,1500,0,0,1,417,Semi-Aberto,0,0,0,0,0,1,0,0,0,0,Lei11343-33,Drogas
01002161220158200001,2015,M,1,1200,0,0,1,333,Aberto,0,0,0,0,0,0,0,0,0,0,Lei11343-33,Drogas
01005686720158200001,2015,M,1,2880,1,100,1,800,Fechado,0,0,0,0,0,1,0,0,1,0,Lei11343-33,Drogas
01005695220158200001,2015,M,1,1625,0,0,1,452,Semi-Aberto,0,0,0,0,0,1,0,0,0,0,Lei11343-33,Drogas
01007080420158200001,2015,M,1,1800,0,15,1,520,Semi-Aberto,0,0,0,0,0,1,0,0,0,0,Lei11343-33eLei10826-12,Drogas
01007262520158200001,2015,M,1,2730,0,0,1,758,Fechado,0,1,0,0,0,1,0,0,1,0,Lei11343-33,Drogas
01007947220158200001,2015,F,0,0,1,75,0,0,Fechado,0,0,0,0,0,0,0,0,0,0,Lei11343-33,Drogas
109045792015,2016,M,1,1500,0,0,1,417,Aberto,0,0,0,0,0,0,0,0,0,1,Lei11343-33,Drogas
102994182016,2016,F,1,1500,0,0,1,417,Aberto,0,0,0,0,0,0,0,0,0,1,Lei11343-33,Drogas
103057432016,2016,M,1,1500,0,0,1,500,Semi-Aberto,0,0,0,0,0,1,0,0,0,0,Lei11343-33,Drogas
108632662015,2016,M,1,2639,0,0,1,510,Fechado,0,1,0,0,0,0,0,0,0,0,Lei11343-33,Drogas
108996382015,2016,M,1,2682,1,720,1,950,Fechado,0,1,1,1,0,0,0,0,0,0,Lei11343-33,Drogas
0106809-62.2017.8.20.0106,2019,M,1,1920,0,0,1,13,Semi-Aberto,0,0,0,0,0,0,0,0,0,0,CP-157,CP-patrimonio
0100380-73.2012.8.20.0003,2013,M,1,1440,0,0,1,10,Aberto,0,0,0,1,0,0,1,0,0,1,CP-157,CP-patrimonio
0002618-22.2010.8.20.0102,2011,M,1,1920,0,0,1,50,Semi-Aberto,0,0,0,0,0,0,0,0,0,0,CP-157,CP-patrimonio
0101024-79.2013.8.20.0100,2014,M,1,300,0,0,1,6,Aberto,0,0,1,1,1,0,0,0,0,0,CP-155,CP-patrimonio
0014896-09.2011.8.20.0106,2012,M,1,1440,0,0,1,10,Aberto,0,0,0,0,1,1,1,0,0,1,CP-157,CP-patrimonio
0113462-07.2017.8.20.0001,2018,M,1,1822,0,0,1,56,Fechado,1,0,0,0,0,0,0,0,1,0,CP-157,CP-patrimonio
0027204-14.2005.8.20.0001,2008,M,1,240,0,0,1,8,Aberto,0,0,0,0,0,0,0,0,0,0,CP-155,CP-patrimonio
0100739-30.2016.8.20.0117,2020,M,0,0,1,180,1,10,Aberto,0,0,0,0,0,0,0,0,0,1,CTB-306,Transito
0100973-49.2016.8.20.0137,2020,M,1,2700,0,0,1,200,Fechado,1,0,0,0,0,1,1,0,0,0,Lei12850-2,Outros
0100368-28.2013.8.20.0002,2013,M,1,2430,0,0,1,630,Fechado,1,0,0,0,0,0,0,0,1,0,Lei11343-33,Drogas
0400709-83.2010.8.20.0002,2014,M,1,5760,0,0,0,0,Fechado,0,1,0,0,1,0,0,1,0,0,CP-121,CP-pessoa
0000437-65.2007.8.20.0001,2015,M,1,3920,0,0,1,80,Fechado,1,1,0,0,0,1,1,0,1,0,CP-157,CP-patrimonio
0100255-83.2015.8.20.0138,2017,M,1,1125,0,0,1,65,Semi-Aberto,0,0,0,0,0,0,1,1,1,0,CP-155,CP-patrimonio
0110162-37.2017.8.20.0001,2018,F,1,720,0,0,1,20,Aberto,1,1,0,0,0,0,0,0,0,0,CP-168,CP-patrimonio
0110162-37.2017.8.20.0001,2012,M,1,4680,0,0,1,0,Fechado,0,0,1,0,1,0,1,0,1,0,CP-121,CP-pessoa
0000113-97.2012.8.20.0131,2015,M,0,0,1,180,1,20,Aberto,0,0,0,1,0,0,0,0,0,1,CTB-306,Transito
001.04.007455-3,2009,M,1,1620,0,0,1,0,Semi-Aberto,1,0,0,1,1,1,0,0,0,0,CP-109,CP-outros
0102820-84.2013.8.20.0107,2017,M,1,600,0,0,1,20,Aberto,1,0,0,0,1,0,0,0,0,0,CP-155,CP-patrimonio
0100014-97.2013.8.20.0100,2016,F,1,2160,0,0,1,0,Semi-Aberto,1,0,0,1,0,1,0,0,0,0,Lei11343-33,Drogas
0102134-65.2017.8.20.0103,2018,F,0,0,1,90,0,0,Aberto,0,0,0,0,0,0,0,0,0,1,CP-129,CP-pessoa
0100060-57.2016.8.20.0011,2018,M,0,0,1,90,1,10,Aberto,0,0,0,0,0,0,0,0,0,1,CP-139,CP-pessoa
0100014-37.2013.8.20.0120,2016,M,1,360,1,90,0,0,Aberto,0,0,0,0,0,1,0,0,0,1,CP-129,CP-pessoa
0100788-61.2017.8.20.0109,2019,M,0,0,1,90,0,0,Aberto,0,0,0,0,0,0,0,0,1,1,CP-129,CP-pessoa
0004684-55.2008.8.20.0001,2008,M,1,810,0,0,1,11,Semi-Aberto,0,0,0,0,0,0,0,0,1,0,Lei10826-14,ArmasFogo
0106922-69.2019.8.20.0001,2019,M,1,1440,0,0,1,10,Aberto,0,0,0,0,0,0,0,0,0,1,Lei10826-17,ArmasFogo
0100079-32.2012.8.20.0002,2017,F,1,600,0,0,1,13,Aberto,0,0,0,0,0,0,0,0,0,0,CP-168,CP-patrimonio
0104936-17.2018.8.20.0001,2018,M,1,1800,1,15,1,30,Semi-Aberto,0,0,0,0,0,0,0,0,0,1,Lei10826-14,ArmasFogo
0100321-51.2013.8.20.0003,2013,M,1,180,0,0,1,10,Aberto,0,0,0,1,0,0,0,0,0,1,CTB-306,Transito
0104463-75.2016.8.20.0106,2016,M,1,2240,0,0,1,15,Fechado,0,0,0,0,0,0,0,0,0,1,CP-157,CP-patrimonio
0006464-10.2012.8.20.0124,2014,M,1,2310,0,0,0,0,Semi-Aberto,1,0,0,0,0,1,0,0,0,0,CP-157,CP-patrimonio
0105844-21.2016.8.20.0106,2016,M,1,1120,0,0,1,8,Semi-Aberto,0,0,0,0,0,0,0,0,0,0,CP-157,CP-patrimonio
0100136-84.2014.8.20.0162,2016,M,1,600,0,0,1,180,Aberto,0,0,0,0,0,0,0,0,0,0,Lei11343-33,Drogas
0100515-21.2013.8.20.0110,2020,M,1,1920,0,0,1,13,Semi-Aberto,0,0,1,0,0,0,0,0,0,0,CP-157,CP-patrimonio
0100907-23.2015.8.20.0002,2020,M,1,720,0,0,1,10,Aberto,0,0,0,0,0,0,0,0,0,1,Lei10826-15,ArmasFogo
0002587-45.2009.8.20.0002,2013,M,1,2340,0,0,0,0,Semi-Aberto,1,0,0,0,0,0,0,0,0,0,CP-121,CP-pessoa
0000436-72.2010.8.20.0002,2010,M,1,720,0,0,1,15,Aberto,0,0,0,0,1,0,0,1,0,1,Lei10826-14,ArmasFogo
002.10.001534-6,2010,M,1,720,0,0,1,10,Aberto,0,0,0,0,0,0,0,0,0,1,Lei10826-14,ArmasFogo
0103994-92.2012.8.20.0001,2014,F,0,0,1,123,0,0,Aberto,0,0,0,0,0,0,0,0,0,0,Lei10826-14,ArmasFogo
0000100-62.2012.8.20.0143,2016,M,1,3528,0,0,1,70,Fechado,1,0,1,0,0,1,0,0,0,0,CP-157,CP-patrimonio
0004569-44.2007.8.20.0106,2010,M,1,240,0,0,1,11,Aberto,1,0,1,0,1,0,0,0,0,0,CP-155,CP-patrimonio
0105941-50.2018.8.20.0106,2019,M,1,600,0,0,1,166,Aberto,0,0,0,0,0,0,0,0,0,0,Lei11343-33,Drogas
100.09.016314-0,2009,M,1,1680,0,0,1,20,Fechado,1,0,1,0,1,0,1,1,0,0,CP-157,CP-patrimonio
0102743-82.2016.8.20.0103,2018,M,1,240,0,0,0,30,Aberto,0,0,0,0,0,0,0,0,0,0,CP-155,CP-patrimonio
0000807-17.2008.8.20.0128,2017,M,1,3600,0,0,0,0,Fechado,1,0,0,1,1,1,1,1,0,0,CP-121,CP-pessoa
0110150-57.2016.8.20.0001,2016,M,1,3060,0,0,1,24,Fechado,1,0,0,0,0,1,0,0,1,0,CP-157,CP-patrimonio
0100159-27.2011.8.20.0003,2011,M,1,120,0,0,1,3,Aberto,0,0,0,0,0,0,0,1,0,0,CP-155,CP-patrimonio
0407749-22.2010.8.20.0001,2011,M,1,3600,0,0,1,40,Não declarado,1,0,0,1,1,1,0,1,0,0,CP-157,CP-patrimonio
0100072-89.2018.8.20.0144,2018,M,1,1080,0,0,1,10,Semi-Aberto,0,0,0,0,0,0,0,0,1,1,Lei10826-16,ArmasFogo
0116538-49.2011.8.20.0001,2011,M,1,1520,0,0,1,13,Não declarado,1,0,0,0,0,0,0,0,0,0,CP-157,CP-patrimonio
001.10.016391-3,2010,M,0,0,1,960,1,0,Aberto,0,0,0,0,0,0,0,0,0,1,CTB-302,Transito
0000201-63.2012.8.20.0155,2016,M,0,0,1,90,1,0,Aberto,0,0,0,0,1,0,0,1,0,1,CP-129,CP-pessoa
0109699-32.2016.8.20.0001,2017,M,0,0,1,180,1,10,Aberto,0,0,0,0,0,0,0,0,0,1,CTB-306,Transito
0102313-14.2017.8.20.0001,2017,M,1,720,0,0,1,10,Aberto,0,0,0,0,0,0,0,0,0,1,Lei10826-14,ArmasFogo
0000972-62.2010.8.20.0106,2010,M,1,1400,0,0,1,388,Fechado,1,0,0,0,1,0,1,0,0,0,Lei11343-33,Drogas
0101929-27.2017.8.20.0106,2019,M,1,360,0,0,1,10,Semi-Aberto,0,0,0,0,0,0,0,0,1,1,CP-180,CP-patrimonio
0100086-82.2013.8.20.0133,2013,M,1,1980,0,0,1,560,Semi-Aberto,1,0,0,0,0,0,0,0,0,0,Lei11343-33,Drogas
0100828-40.2014.8.20.0144,2015,M,1,5204,1,140,1,0,Fechado,1,0,1,0,0,1,0,0,1,0,CP-129-157,CP-pessoa
0101128-06.2015.8.20.0002,2019,M,1,4680,0,0,0,0,Fechado,0,0,1,0,1,0,0,0,0,0,CP-121,CP-pessoa
0112561-20.2014.8.20.0106,2018,M,1,2400,0,0,1,18,Semi-Aberto,0,0,0,0,0,0,0,0,0,0,CP-157,CP-patrimonio
0000366-70.2012.8.20.0136,2016,M,1,900,0,0,1,15,Aberto,1,0,0,0,1,0,1,0,0,0,Lei10826-14,ArmasFogo
001.98.900090-9,2010,M,1,2880,0,0,0,0,Semi-Aberto,0,0,1,1,1,1,1,0,0,0,CP-121,CP-pessoa
0500043-69.2008.8.20.0161,2020,M,1,1920,0,0,1,25,Semi-Aberto,0,0,0,0,0,0,0,0,0,0,CP-157,CP-patrimonio
0100753-65.2018.8.20.0142,2018,M,0,0,1,540,0,0,Aberto,0,0,0,0,0,1,0,0,0,0,CP-129,CP-pessoa
002.08.001404-8,2009,M,1,420,0,0,1,8,Aberto,1,0,0,0,0,1,0,0,0,0,Lei11343-28,Drogas
001.07.238611-9,2010,M,1,780,0,0,1,20,Aberto,1,0,0,0,0,0,0,0,0,0,CP-155eCP-171,CP-patrimonio
0100068-24.2017.8.20.0003,2017,M,1,720,0,0,1,19,Aberto,0,0,0,0,0,0,1,0,0,0,CP-168,CP-patrimonio
0000046-22.2001.8.20.0163,2014,M,1,4680,0,0,0,0,Fechado,1,1,1,0,1,1,1,1,1,0,CP-121,CP-pessoa
0100100-29.2017.8.20.0003,2017,M,1,1440,0,0,1,20,Aberto,0,0,0,1,0,1,0,0,0,0,Lei10826-16,ArmasFogo
0101562-15.2017.8.20.0102,2017,M,1,1800,0,0,1,500,Fechado,0,0,0,0,0,0,0,0,0,1,Lei11343-33,Drogas
0000408-12.2007.8.20.0002,2009,M,0,0,1,90,0,0,Aberto,0,0,0,0,0,0,0,0,0,1,CP-129,CP-pessoa
0103882-65.2013.8.20.0106,2013,M,1,1680,0,0,1,50,Semi-Aberto,0,0,0,0,1,0,0,0,0,0,CP-157,CP-patrimonio
0033144-52.2008.8.20.0001,2014,M,1,1080,0,0,1,30,Aberto,1,1,0,0,0,0,0,0,0,0,CP-155,CP-patrimonio
0000420-31.2011.8.20.0149,2012,F,1,240,0,0,1,60,Aberto,0,0,1,0,0,0,0,0,0,0,CP-155,CP-patrimonio
0106184-18.2018.8.20.0001,2019,M,1,9750,0,0,1,41,Fechado,0,0,0,1,0,0,0,0,0,0,CP-157,CP-patrimonio
124.06.004296-9,2011,M,1,1080,0,0,1,10,Aberto,1,1,0,0,0,0,0,0,0,1,Lei10826-16,ArmasFogo
414-20.2012.8.20.0139,2015,M,0,0,1,180,1,10,Aberto,0,0,0,0,0,0,0,0,0,1,CTB-306,Transito
0100522-14.2014.8.20.0163,2019,M,1,1800,0,0,1,500,Semi-Aberto,1,0,0,0,0,0,0,0,0,1,Lei11343-33,Drogas
0001473-61.2011.8.20.0112,2013,M,0,0,1,1560,0,0,Semi-Aberto,1,0,0,0,0,1,0,0,0,0,CTB-302,Transito
0103627-29.2016.8.20.0001,2016,M,1,1792,0,0,1,30,Semi-Aberto,1,0,0,0,0,0,0,0,0,0,CP-157,CP-patrimonio
0100604-10.2015.8.20.0131,2018,M,0,0,1,360,1,10,Aberto,0,0,0,0,0,0,0,0,0,1,Lei10826-12,ArmasFogo
0012035-16.2012.8.20.0106,2013,M,1,720,0,0,1,10,Aberto,1,0,0,0,1,1,0,0,0,1,Lei10826-14,ArmasFogo
001.09.003733-3,2011,M,1,450,0,0,1,25,Aberto,1,0,0,0,0,0,1,0,0,0,CP-180,CP-patrimonio
001.09.003733-3,2011,M,1,540,0,0,1,30,Aberto,1,0,0,0,0,0,0,0,0,0,CP-180,CP-patrimonio
0000155-92.2012.8.20.0149,2019,M,0,0,1,150,0,0,Aberto,0,1,0,0,0,0,0,0,0,0,CP-129,CP-pessoa
0000262-71.2010.8.20.0161,2011,M,1,720,0,0,1,30,Semi-Aberto,1,0,0,1,0,0,0,0,0,1,Lei10826-14,ArmasFogo
0101303-02.2012.8.20.0003,2014,F,1,780,0,0,1,22,Aberto,0,0,0,0,0,0,1,1,0,0,CP-168-171,CP-patrimonio
0134768-37.2014.8.20.0001,2017,M,1,360,0,0,1,10,Aberto,0,0,0,0,0,0,0,0,0,1,CP-180,CP-patrimonio
0016087-89.2011.8.20.0106,2014,M,1,720,1,180,1,20,Aberto,0,0,0,0,0,0,0,0,0,1,Lei10826-14eLei9503-306,ArmasFogo
001.08.004686-0,2009,M,1,840,0,0,1,14,Aberto,0,0,0,0,0,0,0,0,0,0,CP-155,CP-patrimonio
001.01.015083-9,2008,M,1,600,0,0,1,13,Aberto,1,0,1,0,1,0,0,0,0,0,CP-155,CP-patrimonio
001.01.015083-9,2008,M,1,480,0,0,1,6,Aberto,1,0,0,0,1,0,0,0,0,0,CP-155,CP-patrimonio
155.04.000180-0,2007,M,1,1200,0,0,1,333,Fechado,1,0,0,1,0,1,0,0,0,0,Lei11343-33,Drogas
0110322-62.2017.8.20.0001,2017,M,1,1190,0,0,1,10,Aberto,0,0,0,0,0,0,1,0,0,0,CP-157,CP-patrimonio
0000266-36.2011.8.20.0109,2012,M,1,720,0,0,1,10,Aberto,1,0,0,0,0,0,0,0,0,1,Lei10826-14,ArmasFogo
0004151-13.2011.8.20.0124,2012,M,1,2310,0,0,1,10,Fechado,0,0,0,0,1,0,0,0,0,0,CP-157,CP-patrimonio
0004151-13.2011.8.20.0124,2012,M,1,2310,0,0,1,10,Fechado,0,1,0,0,0,0,0,0,0,0,CP-157,CP-patrimonio
0101334-91.2013.8.20.0001,2013,M,1,2400,0,0,1,40,Semi-Aberto,1,0,0,0,0,1,0,0,0,0,CP-157,CP-patrimonio
003.08.000510-4,2010,M,1,360,0,0,1,10,Aberto,0,0,0,0,0,0,0,1,0,1,CP-155,CP-patrimonio
002.08.002588-0,2010,M,0,0,1,1140,1,0,Aberto,0,0,0,0,0,0,0,0,0,0,CTB-302-305,Transito
0001443-38.2012.8.20.0129,2014,M,0,0,1,720,1,10,Semi-Aberto,0,1,1,1,1,1,1,0,1,0,CTB-306,Transito
1317-23.2008.8.20.0001,2008,M,1,600,0,0,1,500,Aberto,0,0,0,0,1,0,1,0,0,0,Lei11343-33,Drogas
0003074-17.2012.8.20.0129,2013,M,1,660,0,0,1,165,Aberto,0,0,1,1,1,1,1,0,0,0,Lei11343-33,Drogas
0100204-61.2016.8.20.0001,2016,M,0,0,1,180,1,10,Aberto,1,0,0,1,0,0,0,0,0,1,CTB-306,Transito
0100678-49.2015.8.20.0136,2016,M,1,1200,0,0,1,334,Aberto,0,0,0,0,0,0,0,0,0,0,Lei11343-33,Drogas
001.08.012750-0,2009,M,1,2520,0,0,1,700,Fechado,1,0,1,1,1,0,0,0,1,0,Lei11343-33,Drogas
0101822-79.2014.8.20.0108,2016,M,1,560,0,0,1,14,Aberto,0,0,0,0,0,0,0,0,0,0,CP-157-14,CP-patrimonio
0001357-92.2006.8.20.0124,2008,M,1,2160,0,0,1,55,Fechado,1,1,1,1,0,1,0,0,1,0,CP-157-14,CP-patrimonio
001.06.000413-5,2010,M,1,2025,0,0,0,0,Não declarado,0,0,1,0,1,0,0,0,0,0,CP-121,CP-pessoa
142.01.000116-7,2009,M,1,1461,0,0,0,0,Fechado,1,0,0,0,0,1,0,0,0,0,Lei9455-1,Outros
0101709-89.2013.8.20.0002,2014,M,1,1138,0,0,1,8,Aberto,0,0,0,0,0,0,0,0,0,0,CP-157,CP-patrimonio
0018646-87.2004.8.20.0001,2016,M,1,360,0,0,1,20,Aberto,0,1,0,0,0,0,0,0,0,1,CP-171,CP-patrimonio
106.06.002652-3,2010,M,1,1620,0,0,1,20,Semi-Aberto,1,0,1,0,1,0,0,1,0,0,CP-157,CP-patrimonio
101.05.000317-8,2011,M,1,720,0,0,1,10,Aberto,0,1,0,0,0,0,0,0,0,1,Lei10826-14,ArmasFogo
0102656-63.2015.8.20.0103,2016,M,1,1800,0,0,1,60,Semi-Aberto,0,0,1,0,1,1,0,0,0,0,CP-157-14,CP-patrimonio
0100944-58.2017.8.20.0106,2017,M,1,1440,0,0,1,10,Aberto,0,0,0,0,0,0,0,0,1,1,CP-157,CP-patrimonio
0100459-65.2017.8.20.0136,2018,M,1,4410,0,0,1,175,Fechado,0,0,1,1,0,0,1,0,0,0,CP-157,CP-patrimonio
130.05.000030-5,2009,M,1,1440,0,0,1,70,Fechado,0,1,1,1,0,0,0,0,0,0,Lei8368-12,Outros
00003605420018200102,2013,M,1,1080,0,0,1,100,Semi-Aberto,0,1,0,0,0,0,0,0,0,0,CP-157-14,CP-patrimonio
01005166520158200003,2016,M,0,0,1,180,1,10,Aberto,0,0,0,0,0,0,0,0,0,1,CTB-306,Transito
01001321320128200002,2017,M,1,2520,0,0,0,0,Semi-Aberto,0,0,0,0,1,1,0,0,0,0,CP-121,CP-pessoa
01146737820178200001,2018,M,1,360,0,0,1,10,Aberto,0,0,0,1,1,0,0,0,0,1,CP-171,CP-patrimonio
01114043120178200001,2018,M,1,5400,0,0,0,0,Fechado,0,0,0,1,0,0,0,0,0,0,CP-121,CP-pessoa
01382771020138200001,2017,M,1,2520,0,0,1,40,Semi-Aberto,1,0,0,0,0,1,1,1,0,0,CP-317,CP-adminPublico
04003113620108200003,2011,M,1,600,0,0,1,170,Fechado,0,0,0,0,0,1,1,0,0,0,Lei11343-33,Drogas
01022612020148200002,2014,M,1,3986,0,0,1,20,Semi-Aberto,0,0,0,0,0,1,0,0,0,0,CP-157,CP-patrimonio
0034032-84.2009.8.20.0001,2011,M,1,540,0,0,1,8,Aberto,0,1,0,0,0,1,0,0,1,0,CP-155,CP-patrimonio
0100121-64.2013.8.20.0158,2020,M,1,2688,0,0,1,89,Semi-Aberto,0,1,0,0,0,0,0,0,0,0,CP-157,CP-patrimonio
0105196-70.2018.8.20.0106,2018,M,1,1800,0,0,1,40,Fechado,0,1,0,0,0,0,0,0,1,0,CP-157,CP-patrimonio
0100090-63.2014.8.20.0108,2017,M,1,540,0,0,1,20,Fechado,0,1,0,0,0,0,0,0,1,0,CP-155,CP-patrimonio
0000551-09.2009.8.20.0106,2012,M,0,0,1,180,1,10,Aberto,0,0,0,0,0,0,0,0,0,1,CTB-306,Transito
0704082-62.2009.8.20.0106,2011,M,0,0,1,1140,0,0,Aberto,1,0,0,0,0,0,0,0,0,0,CTB-302-303,Transito
0000898-49.2008.8.20.0115,2013,M,1,720,0,0,1,10,Aberto,0,0,0,0,0,0,0,0,0,1,Lei10826-14,ArmasFogo
0000350-59.2012.8.20.0155,2017,M,1,1440,0,0,1,30,Aberto,0,0,0,0,0,0,0,0,0,0,CP-155,CP-patrimonio
0003412-15.2012.8.20.0121,2017,M,1,1920,0,0,1,20,Semi-Aberto,0,0,0,0,0,0,0,0,0,0,CP-157,CP-patrimonio
0003540-50.2007.8.20.0108,2012,M,1,760,0,0,1,10,Aberto,1,1,0,0,0,0,0,0,0,0,CP-155,CP-patrimonio
0101642-15.2013.8.20.0103,2017,M,1,540,0,0,1,40,Aberto,0,0,0,0,0,1,1,0,0,0,CP-155,CP-patrimonio
0100734-07.2017.8.20.0106,2018,M,1,1920,0,0,1,13,Semi-Aberto,0,0,0,0,0,0,0,0,0,0,CP-157,CP-patrimonio
116.09.001269-5,2017,M,1,640,0,0,1,12,Aberto,0,0,1,0,0,0,0,0,1,0,CP-155,CP-patrimonio
0106407-39.2016.8.20.0001,2017,M,1,2340,0,0,0,0,Semi-Aberto,0,0,0,0,1,0,0,0,0,0,CP-121,CP-pessoa
0001437-52.2011.8.20.0101,2012,F,1,1680,0,0,1,468,Fechado,0,0,0,0,0,0,0,0,0,0,Lei11343-33,Drogas
0102213-25.2018.8.20.0001,2018,M,1,720,0,0,1,10,Fechado,0,0,0,1,0,0,0,0,0,1,CP-297-304,CP-outros
0100073-82.2013.8.20.0101,2019,M,0,0,1,480,0,0,Aberto,0,0,0,0,0,0,0,0,0,0,CP-129,CP-pessoa
0002218-05.2011.8.20.0124,2014,F,1,1500,0,0,0,0,Semi-Aberto,0,0,0,0,0,0,0,0,0,0,Lei11343-33,Drogas
0135316-96.2013.8.20.0001,2015,M,1,673,0,0,1,16,Semi-Aberto,0,1,0,0,0,0,0,0,1,0,CP-155,CP-patrimonio
0704082-62.2009.8.20.0106,2011,M,0,0,1,1500,0,0,Aberto,1,0,0,0,0,0,0,0,0,0,CTB-302-303,Transito
0104606-20.2018.8.20.0001,2018,M,1,1930,0,0,1,40,Semi-Aberto,0,0,0,0,0,0,0,0,0,0,CP-157-14,CP-patrimonio
0100471-54.2017.8.20.0112,2018,F,0,0,1,90,0,0,Aberto,0,0,0,0,0,0,0,0,0,1,,
0104606-20.2018.8.20.0001,2018,M,1,1930,0,0,1,40,Semi-Aberto,0,0,0,0,0,0,0,0,0,0,CP-157-14,CP-patrimonio
0104606-20.2018.8.20.0001,2018,M,1,1930,0,0,1,40,Semi-Aberto,1,0,0,0,0,0,0,1,0,0,CP-157-14,CP-patrimonio
0000131-98.2010.8.20.0128,2019,M,1,1800,0,0,0,0,Semi-Aberto,1,0,0,0,0,0,0,0,0,0,CP-129,CP-pessoa
0100407-57.2013.8.20.0153,2015,M,1,420,0,0,1,14,Aberto,1,0,0,0,0,0,1,0,0,0,Lei7347-10,Outros
0102305-32.2013.8.20.0145,2017,M,1,6030,0,0,0,0,Fechado,1,0,0,0,0,1,1,0,0,0,CP-121,CP-pessoa
00173188820108200106,2012,M,1,2160,0,0,1,10,Semi-Aberto,0,0,0,0,0,0,0,1,0,0,CP-157-71,CP-patrimonio
311420008200155,2010,M,0,0,1,720,0,0,Aberto,1,0,0,0,0,0,0,0,0,1,CTB-302,Transito
311420008200155,2010,M,0,0,1,180,0,0,Aberto,1,0,0,0,0,0,0,0,0,1,CTB-303,Transito
"5,60612E+15",2014,M,1,5400,0,0,0,0,Fechado,0,0,1,0,1,1,1,0,0,0,CP-121,CP-pessoa
00008682520098200003,2010,M,1,360,0,0,1,10,Não declarado,0,0,0,0,0,0,0,0,0,1,CP-155,CP-patrimonio
0000876-29.2005.8.20.0104,2008,M,1,4320,0,0,0,0,Fechado,0,0,0,0,0,0,0,0,0,0,CP-213-224-226,CP-outros
01005512320158200133,2020,M,1,720,0,0,1,10,Aberto,0,0,0,0,0,0,0,0,1,1,Lei10826-15,ArmasFogo
01005512320158200133,2020,M,1,720,0,0,1,10,Aberto,0,0,0,0,0,0,0,0,0,1,Lei10826-14,ArmasFogo
00014052620118200108,2012,M,1,2700,0,0,1,750,Fechado,1,1,1,0,0,0,1,0,0,0,Lei11343-33,Drogas
0100646212068200003,2020,M,1,360,0,0,1,10,Aberto,0,0,0,0,0,0,0,0,0,1,CP-171,CP-patrimonio
0100646212068200003,2020,M,1,360,0,0,1,10,Aberto,0,0,0,0,0,0,0,0,0,1,CP-171,CP-patrimonio
00002546020118200161,2012,M,1,2160,0,0,1,600,Fechado,1,1,0,0,1,0,1,0,0,0,Lei11343-33,Drogas
02001225520078200162,2016,M,1,7920,0,0,1,35,Fechado,1,1,0,1,0,0,0,1,0,0,CP-157,CP-patrimonio
00016303720078200124,2008,M,1,1260,0,0,1,70,Fechado,1,1,1,1,0,0,0,0,1,0,Lei10826-14,ArmasFogo
00016303720078200124,2008,M,1,1260,0,0,1,70,Fechado,1,1,1,1,0,0,0,0,1,0,Lei10826-14,ArmasFogo
00016303720078200124,2008,M,0,0,1,270,0,0,Fechado,1,1,1,1,0,0,0,0,1,0,CP-307,CP-adminPublico
00151692220108200106,2011,M,1,1440,0,0,1,10,Aberto,0,0,0,0,0,1,0,0,0,1,CP-157,CP-patrimonio
01011794120178200133,2019,M,1,2880,0,0,0,0,Semi-Aberto,0,0,0,0,0,0,0,0,0,0,CP-121,CP-pessoa
00106086620088200124,2013,M,1,1260,0,0,1,10,Aberto,0,0,0,0,0,0,0,0,0,0,Lei10826-16,ArmasFogo
01306164320148200001,2014,M,1,720,0,0,1,8,Aberto,0,0,0,0,0,0,0,1,0,0,CP-157-14,CP-patrimonio
00033867720128200101,2015,M,1,120,0,0,1,3,Aberto,0,0,0,0,0,0,0,0,0,0,CP-171,CP-patrimonio
01020406620168200001,2018,M,1,2520,0,0,0,0,Semi-Aberto,0,1,1,0,0,0,0,0,0,0,CP-121,CP-pessoa
00014996920098200002,2010,M,1,1680,0,0,1,12,Aberto,0,0,0,0,0,0,0,1,0,0,CP-157,CP-patrimonio
00407295820088200001,2010,M,1,900,0,0,1,15,Aberto,1,0,1,0,0,1,0,1,0,0,Lei10826-14,ArmasFogo
00031333020068200124,2017,F,1,840,0,0,1,10,Aberto,0,0,1,0,1,0,0,1,0,0,CP-155,CP-patrimonio
01013565720158200106,2017,F,1,720,0,0,1,10,Aberto,0,0,0,0,0,0,0,0,0,1,CP-333,CP-adminPublico
01169178220148200001,2017,M,1,4680,0,0,0,0,Não declarado,0,0,0,0,1,0,0,0,0,0,CP-121,CP-pessoa
01000672120128200001,2012,M,1,1920,0,0,1,26,Semi-Aberto,1,0,1,0,0,0,0,0,0,0,CP-157,CP-patrimonio
01040236920178200001,2017,M,1,360,0,0,0,0,Aberto,0,0,0,1,0,0,0,0,0,1,CP-180,CP-patrimonio
01040236920178200001,2017,M,1,360,0,0,0,0,Aberto,0,0,1,1,0,0,0,0,0,1,ECA-244,Outros
01054637620128200001,2012,M,0,0,1,900,1,21,Fechado,1,1,0,0,0,0,0,0,1,0,Lei10826-12,ArmasFogo
01047043920178200001,2017,M,1,1080,0,0,1,18,Semi-Aberto,0,0,0,0,0,0,0,0,1,0,Lei10826-14,ArmasFogo
01047043920178200001,2017,M,0,0,1,540,1,12,Semi-Aberto,0,0,0,0,0,0,0,0,1,0,Lei10826-12,ArmasFogo
01008193120168200137,2018,M,1,5040,0,0,0,0,Fechado,1,0,0,0,0,1,1,0,0,0,CP-121,CP-pessoa
01035279420098200106,2011,M,1,720,0,0,0,0,Aberto,0,0,0,0,0,0,0,0,0,1,Lei10826-14,ArmasFogo
"4,72242E+15",2012,M,1,480,0,0,1,10,Aberto,0,0,0,0,0,0,0,0,0,0,CP-155,CP-patrimonio
00001403720098200147,2011,M,1,720,0,0,1,10,Aberto,0,0,0,0,0,0,0,1,0,1,CP-155,CP-patrimonio
537820078200106,2010,M,1,360,0,0,0,0,Aberto,0,0,0,1,0,0,1,1,0,1,CP-155,CP-patrimonio
01000047120158200136,2017,M,1,1440,0,0,1,10,Semi-Aberto,0,0,0,0,0,0,0,0,0,1,CP-157,CP-patrimonio
0100316-11.2013.8.20.0106,2013,M,1,1920,0,0,1,10,Semi-Aberto,0,0,0,0,0,0,0,1,0,0,CP-157,CP-patrimonio
0000380-47.2007.8.20.0001,2012,F,1,2400,0,0,1,166,Semi-Aberto,1,0,0,0,1,1,1,0,0,0,CP-313,CP-adminPublico
106.07.003479-0,2010,M,1,2160,0,0,1,16,Semi-Aberto,1,1,0,0,0,1,0,1,0,0,CP-157,CP-patrimonio
001.09.004454-2,2011,M,1,1050,0,0,1,17,Aberto,1,1,0,0,0,0,0,0,0,0,Lei10826-14-ECA-244,ArmasFogo
0100916-87.2013.8.20.0120,2018,F,1,840,0,0,1,10,Aberto,0,0,0,0,0,0,0,0,0,0,CP-155,CP-patrimonio
0107043-83.2013.8.20.0106,2014,M,1,2598,0,0,1,18,Fechado,0,0,0,0,0,1,0,0,1,0,CP-157,CP-patrimonio
001.10.017584-9,2012,M,1,1170,0,0,0,0,Aberto,0,0,0,0,0,1,0,0,0,0,CP-121,CP-pessoa
121.04.001721-4,2009,M,1,3151,0,0,1,100,Fechado,0,0,0,0,1,0,0,0,0,0,CP-157,CP-patrimonio
0107710-98.2015.8.20.0106,2016,M,0,0,1,360,1,10,Aberto,0,0,0,0,0,0,0,0,0,1,Lei10826-12,ArmasFogo
0112879-85.2018.8.20.0001,2019,M,1,1830,0,0,0,0,Fechado,0,1,0,0,0,0,0,0,1,0,Lei10826-16,ArmasFogo
0112879-85.2018.8.20.0001,2019,M,1,1830,0,0,0,0,Fechado,0,1,0,0,0,0,0,0,1,0,Lei10826-16,ArmasFogo
0100471-54.2017.8.20.0112,2018,F,0,0,1,90,0,0,Aberto,0,0,0,0,0,0,0,0,0,1,,
0100569-51.2015.8.20.0163,2016,M,1,1080,0,0,1,36,Fechado,0,0,1,1,0,0,0,1,1,0,CP-155,CP-patrimonio
0100887-66.2015.8.20.0120,2019,M,0,0,1,180,0,0,Aberto,1,1,0,0,0,0,0,0,0,0,CP-129,CP-pessoa
0100618-63.2015.8.20.0011,2017,M,0,0,0,0,0,0,Aberto,1,0,0,1,1,0,0,0,1,0,CP-140,CP-outros
0101232-97.2013.8.20.0121,2013,M,1,360,0,0,1,10,Aberto,0,0,0,0,0,0,0,0,0,0,Lei10826-16,ArmasFogo
0000663-46.2007.8.20.0106,2013,M,1,1200,0,0,1,10,Aberto,0,0,0,1,0,1,0,0,1,0,CP-155,CP-patrimonio
01076665020138200106,2017,M,1,630,1,10,1,5,Aberto,0,0,0,0,0,0,0,0,0,0,CP-157,CP-patrimonio
01005131820128200003,2013,F,1,560,0,0,1,15,Aberto,0,0,0,0,0,0,1,1,0,0,CP-168,CP-patrimonio
00051565620088200001,2013,M,1,1350,0,0,0,0,Aberto,0,0,0,0,1,1,0,0,1,0,CP-121,CP-pessoa
01002433620158200149,2017,M,1,432,0,0,1,12,Semi-Aberto,0,0,0,0,0,0,0,0,1,0,CP-299,CP-outros
000924848201182000106,2014,M,0,0,1,180,0,0,Aberto,0,0,0,0,0,0,0,0,0,1,CTB-306,Transito
01032766020168200129,2016,M,1,3000,0,0,1,30,Fechado,0,0,1,1,1,1,1,0,0,1,CP-157,CP-patrimonio
01061314220158200001,2016,M,1,720,0,0,1,10,Aberto,0,0,0,0,1,0,0,0,0,1,Lei10826-14,ArmasFogo
01013478020168200132,2018,M,0,0,1,30,0,0,Não declarado,0,0,0,0,0,0,0,0,0,0,CP-147,CP-liberdade
01218555720138200001,2017,M,1,5400,0,0,0,0,Fechado,0,1,0,0,1,0,0,0,0,0,CP-121,CP-pessoa
01218555720138200001,2017,M,0,0,1,120,0,0,Fechado,0,1,0,0,1,0,0,0,0,0,CP-129,CP-pessoa
001.07.003477-0,2009,F,1,1800,0,0,1,500,Fechado,1,0,1,1,1,0,0,0,0,1,Lei11343-33,Drogas
0106489-75.2018.8.20.0106,2019,M,1,900,0,0,1,10,Aberto,1,1,0,0,1,0,0,0,0,0,Lei10826-15,ArmasFogo
0100251-63.2016.8.20.0121,2018,M,1,6143,0,0,1,40,Fechado,0,0,0,0,0,0,1,1,1,0,CP-157,CP-patrimonio
0101565-81.2014.8.20.0002,2014,M,1,685,0,0,1,45,Fechado,1,1,0,0,0,0,0,0,1,0,CP-155,CP-patrimonio
0100095-78.2015.8.20.0002,2019,M,1,600,0,0,1,100,Aberto,0,0,0,0,0,0,0,0,0,0,Lei11343-33,Drogas
0001006-31.2006.8.20.0121,2015,M,1,4080,0,0,0,0,Fechado,1,0,1,0,0,1,1,0,0,0,CP-121,CP-pessoa
0102025-94.2016.8.20.0100,2017,M,1,90,0,0,1,5,Aberto,1,0,0,1,1,0,0,0,0,0,CP-155,CP-patrimonio
0002816-65.2010.8.20.0100,2011,M,1,1380,0,0,1,14,Fechado,1,0,1,0,0,1,1,1,1,0,CP-157,CP-patrimonio
002.08.000939-7,2010,M,1,2240,0,0,1,53,Fechado,1,0,0,0,0,0,0,0,1,0,CP-157,CP-patrimonio
01071545220178200001,2019,M,0,0,1,180,1,10,Aberto,0,0,0,0,0,0,0,0,0,1,CTB-306,Transito
01018842020178200107,2018,M,1,1500,0,0,1,500,Semi-Aberto,0,0,0,0,0,1,1,0,0,0,Lei11343-33,Drogas
01020870820148200100,2015,M,1,2160,0,0,1,500,Fechado,0,0,1,1,0,1,0,0,0,0,Lei11343-33,Drogas
01020870820148200100,2015,M,1,2160,0,0,1,500,Fechado,0,0,1,1,0,1,0,0,0,0,Lei11343-33,Drogas
01020870820148200100,2015,M,0,0,1,360,1,30,Fechado,1,0,1,0,0,0,0,0,0,1,Lei10826-12,ArmasFogo
0105592-42.2016.8.20.0001,2019,M,1,720,0,0,1,10,Aberto,0,0,0,0,0,0,0,0,0,1,Lei10826-14,ArmasFogo
0103204-05.2013.8.20.0121,2016,M,1,1920,0,0,1,13,Fechado,0,1,0,0,0,0,0,0,0,0,CP-157,CP-patrimonio
0000588-78.2012.8.20.0155,2017,M,0,0,1,390,1,10,Aberto,0,0,0,0,0,0,0,0,0,0,Lei10826-12,ArmasFogo
0000588-78.2012.8.20.0155,2017,M,0,0,1,390,1,10,Aberto,0,0,0,0,0,0,0,0,0,0,Lei10826-12,ArmasFogo
119.09.000627-2,2011,M,1,2520,0,0,1,510,Fechado,0,0,0,0,0,0,0,1,0,0,Lei11343-33,Drogas
0110227-03.2015.8.20.0001,2016,F,1,6960,0,0,0,0,Fechado,0,0,0,0,1,0,0,0,0,0,CP-121-ECA-244,CP-pessoa
0107199-80.2014.8.20.0124,2019,M,1,2160,0,0,1,10,Semi-Aberto,0,1,0,0,0,0,1,1,0,0,CP-157,CP-patrimonio
001.07.220443-6,2013,M,1,1350,0,0,1,100,Semi-Aberto,1,0,0,0,1,0,0,0,0,0,Lei10826-16,ArmasFogo
0102850-51.2015.8.20.0107,2017,M,0,0,1,210,1,7,Aberto,0,0,0,0,0,0,0,0,1,0,CTB-298-306,Transito
0105938-37.2014.8.20.0106,2016,M,0,0,1,360,1,10,Aberto,0,0,0,0,0,0,0,0,0,1,Lei10826-12,ArmasFogo
0001659-68.2012.8.20.0106,2012,M,1,2300,0,0,1,51,Semi-Aberto,0,0,0,0,1,1,1,0,0,0,CP-157,CP-patrimonio
0003582-66.2011.8.20.0106,2012,M,1,720,0,0,1,10,Aberto,0,0,0,0,0,0,0,0,0,1,CP-297,CP-outros
001.05.019220-6,2009,M,1,480,0,0,1,13,Aberto,1,0,0,0,0,0,1,1,0,0,CP-155,CP-patrimonio
0100404-16.2014.8.20.0138,2019,M,0,0,1,90,0,0,Aberto,0,0,0,0,0,0,0,0,0,0,CTB-302-303,Transito
01002351420178200109,2019,M,0,0,1,90,0,0,Aberto,0,0,0,0,0,0,0,0,0,1,CP-146,CP-liberdade
01054720420138200001,2013,M,1,1080,0,0,1,15,Aberto,0,0,0,0,0,1,0,0,0,1,Lei10826-16,ArmasFogo
01010441220158200129,2015,F,1,3060,0,0,1,500,Fechado,0,0,0,0,1,1,1,0,1,0,Lei11343-33,Drogas
01017109720158200101,2016,M,1,5265,0,0,1,1200,Fechado,1,0,0,0,0,0,0,0,0,0,Lei11343-33,Drogas
00011211820078200121,2012,M,1,2280,0,0,1,20,Semi-Aberto,1,1,0,0,0,0,0,0,0,0,CP-157,CP-patrimonio
00024127320098200124,2011,M,1,1440,0,0,1,10,Aberto,1,0,0,0,0,0,0,0,0,1,CP-157,CP-patrimonio
00006193020128200113,2017,M,1,900,0,0,1,500,Aberto,0,0,0,0,0,0,0,0,0,0,Lei11343-33,Drogas
00021309820108200124,2012,M,0,0,1,90,0,0,Não declarado,1,0,1,0,0,0,0,0,0,0,CP-180,CP-patrimonio
01383626420118200001,2014,F,1,780,0,0,1,13,Aberto,1,0,0,0,0,0,1,0,0,0,CP-155,CP-patrimonio
00067785420058200106,2010,M,1,720,0,0,1,30,Aberto,1,0,0,0,0,0,1,0,0,1,Lei10826-14,ArmasFogo
01017948320158200106,2018,M,1,1920,0,0,1,13,Semi-Aberto,0,0,0,0,0,0,0,0,0,0,CP-157,CP-patrimonio
01000524120168200121,2018,M,1,1980,0,0,1,40,Semi-Aberto,0,0,0,0,0,0,0,0,0,0,CP-157,CP-patrimonio
00026725420118200101,2017,M,0,0,1,180,1,10,Aberto,0,0,0,0,0,0,0,0,0,1,CTB-306,Transito
01018195620168200108,2017,M,1,1080,0,0,1,60,Aberto,0,0,0,0,0,0,0,0,0,0,CP-333,CP-adminPublico
01000875820138200136,2013,M,0,0,1,1080,0,0,Aberto,0,0,0,0,0,1,1,0,0,0,CTB-302,Transito
00140624020108200106,2016,M,1,2160,0,0,0,0,Semi-Aberto,1,0,0,0,0,0,0,0,0,1,CP-121,CP-pessoa
01086994120148200106,2018,M,1,1200,0,0,1,16,Aberto,0,0,0,0,0,0,0,0,0,0,CP-71,CP-outros
01086994120148200106,2018,M,1,1200,0,0,1,16,Aberto,0,0,0,0,0,0,0,0,0,0,CP-71,CP-outros
0100407-12.2017.8.20.0155,2019,M,1,720,0,0,1,53,Aberto,0,0,0,0,0,1,0,0,0,1,Lei10826-14,ArmasFogo
0000435-76.2010.8.20.0135,2011,M,1,2700,0,0,1,60,Semi-Aberto,0,0,0,0,0,0,1,1,0,0,CP-157,CP-patrimonio
0117100-14.2018.8.20.0001,2019,M,1,1620,0,0,1,26,Semi-Aberto,0,0,0,1,0,0,0,0,0,0,CP-180,CP-patrimonio
0117100-14.2018.8.20.0001,2019,M,1,1620,0,0,1,26,Semi-Aberto,0,0,0,1,0,0,0,0,0,0,CP-180,CP-patrimonio
0135535-46.2012.8.20.0001,2013,M,1,3600,0,0,1,30,Fechado,1,1,0,0,1,1,0,1,1,0,CP-157,CP-patrimonio
0101211-67.2016.8.20.0105,2017,M,1,720,0,0,1,20,Aberto,0,1,1,0,0,0,0,0,1,0,CP-155,CP-patrimonio
0105036-06.2017.8.20.0001,2019,M,0,0,1,210,1,15,Aberto,1,0,0,0,0,0,0,0,0,0,CTB-306,Transito
0415984-75.2010.8.20.0001,2016,M,1,2340,0,0,0,0,Semi-Aberto,0,0,0,0,1,0,0,0,0,0,CP-121,CP-pessoa
0006425-77.2006.8.20.0106,2011,M,1,600,0,0,1,16,Aberto,1,0,0,0,0,0,1,0,0,0,CP-171,CP-patrimonio
0103101-98.2012.8.20.0002,2014,M,1,2160,0,0,0,0,Semi-Aberto,0,0,0,0,0,0,0,0,0,1,CP-121,CP-pessoa
0000011-28.2010.8.20.0137,2011,M,1,720,0,0,1,15,Aberto,1,0,0,0,1,0,1,0,0,1,CP-155,CP-patrimonio
0110536-53.2017.8.20.0001,2019,M,1,2400,0,0,1,26,Fechado,0,0,0,0,0,1,1,0,1,0,CP-157,CP-patrimonio
0014169-16.2012.8.20.0106,2013,M,0,0,1,360,1,10,Não declarado,0,0,0,0,0,0,0,0,0,1,Lei10826-12,ArmasFogo
0108700-26.2014.8.20.0106,2016,M,1,720,0,0,1,10,Aberto,0,0,0,0,0,0,1,0,0,0,Lei8137-1,Outros
0100303-16.2017.8.20.0124,2017,M,0,0,1,180,1,12,Aberto,0,1,0,0,0,0,0,0,0,1,CTB-300,Transito
0101040-82.2013.8.20.0116,2014,M,1,2160,0,0,0,0,Semi-Aberto,1,0,1,1,0,0,0,0,0,1,CP-121,CP-pessoa
0103442-11.2009.8.20.0106,2014,M,1,720,0,0,1,10,Aberto,0,0,0,0,0,0,0,0,0,1,CP-155,CP-patrimonio
0000050-78.2012.8.20.0129,2014,M,0,0,1,120,0,0,Aberto,0,0,0,0,1,1,1,0,0,0,CP-147,CP-liberdade
0100756-30.2015.8.20.0108,2015,M,0,0,1,180,1,700,Aberto,0,0,0,0,0,0,0,0,0,1,Lei11343-33,Drogas
0100756-30.2015.8.20.0108,2015,M,1,360,0,0,0,0,Aberto,0,0,0,0,0,0,0,0,0,1,ECA-244,Outros
0100178-34.2016.8.20.014,2019,M,0,0,1,360,1,10,Aberto,0,0,0,0,0,0,0,0,0,1,Lei10826-12,ArmasFogo
0100024-58.2013.8.20.0160,2015,M,1,1260,0,0,1,360,Fechado,1,0,0,0,1,1,0,0,0,0,Lei11343-33,Drogas
0100024-58.2013.8.20.0160,2015,M,1,1080,0,0,1,30,Fechado,1,0,0,0,0,0,0,1,0,0,Lei10826-16,ArmasFogo
0000087-54.2012.8.20.0146,2015,M,1,1290,0,0,1,30,Aberto,1,1,0,0,1,0,1,0,0,1,CP-157,CP-patrimonio
0100491-59.2014.8.20.0109,2016,M,0,0,1,180,0,0,Aberto,1,1,0,1,0,1,0,0,0,1,CTB-309,Transito
0100491-59.2014.8.20.0109,2016,M,0,0,1,180,0,0,Aberto,1,1,0,1,0,1,0,0,0,1,CTB-311,Transito
0108167-28.2013.8.20.0001,2013,M,1,1080,0,0,1,20,Semi-Aberto,0,1,0,0,1,0,0,0,0,0,Lei10826-14,ArmasFogo
001.10.401205-7,2011,M,1,840,0,0,1,17,Semi-Aberto,1,0,0,1,1,0,0,1,0,0,CP-155,CP-patrimonio
0011654-42.2006.8.20.0001,2008,M,1,1800,0,0,1,110,Fechado,1,0,1,1,0,0,0,0,1,0,Lei6368-12,Outros
0000785-26.2012.8.20.0125,2013,M,1,540,0,0,1,15,Semi-Aberto,1,1,0,1,1,0,0,0,1,0,CP-155,CP-patrimonio
0000015-79.2012.8.20.0142,2016,M,1,1280,0,0,0,0,Aberto,0,0,0,0,0,0,0,0,0,0,CP-129,CP-pessoa
0100332-40.2015.8.20.0123,2017,M,1,720,0,0,1,10,Aberto,0,0,0,0,0,0,0,0,0,1,Lei10826-14,ArmasFogo
124.03.001579-3,2010,M,1,3600,0,0,0,0,Fechado,0,0,0,0,0,0,0,0,0,0,CP-121,CP-pessoa
101420-81.2014.8.20.0145,2017,M,0,0,1,60,0,0,Aberto,0,0,0,0,0,1,0,0,0,1,CP-147,CP-liberdade
0001799-96.2008.8.20.0121,2013,M,1,1800,0,0,0,0,Semi-Aberto,0,0,0,0,0,0,0,0,0,0,CP-121,CP-pessoa
0001180-58.2012.8.20.0144,2017,M,1,630,0,0,1,12,Aberto,1,0,0,0,0,1,0,0,0,0,CP-155,CP-patrimonio
0100359-25.2013.8.20.0145,2014,M,1,360,0,0,1,12,Aberto,1,0,0,0,1,0,1,0,0,1,CP-155,CP-patrimonio
0004269-09.2012.8.20.0106,2008,M,1,720,0,0,1,10,Aberto,0,0,0,0,0,0,0,0,0,1,Lei10826-14,ArmasFogo
0002009-03.2000.8.20.0001,2011,M,1,1620,0,0,0,0,Semi-Aberto,1,0,0,0,0,1,1,0,0,0,CP-121,CP-pessoa
121.08.002931-0,2010,M,1,720,0,0,1,10,Aberto,0,0,0,0,1,0,0,0,0,1,Lei10826-14,ArmasFogo
0106560-38.2017.8.20.0001,2019,M,1,360,0,0,0,10,Aberto,0,0,0,0,0,0,0,0,0,1,CP-180,CP-patrimonio
0002602-41.2006.8.20.0124,2010,M,1,720,0,0,1,10,Aberto,0,0,0,0,0,0,0,1,0,1,CP-155,CP-patrimonio
0000115-67.2012.8.20.0131,2015,M,0,0,1,270,1,15,Aberto,0,0,0,1,0,0,0,0,0,0,CTB-306,Transito
0001014-25.2007.8.20.0104,2008,M,1,720,0,0,1,30,Aberto,0,1,0,0,0,0,0,0,0,1,CP-155,CP-patrimonio
: 0100246-53.2017.8.20.0138,2020,M,0,0,1,180,1,10,Aberto,0,0,0,0,0,0,0,0,0,1,CTB-306,Transito
001.09.020792-1,2010,M,0,0,1,960,0,0,Aberto,0,0,0,0,0,0,0,0,0,0,CTB-302,Transito
0000881-69.2010.8.20.0106,2010,M,1,1181,0,0,1,328,Fechado,1,0,0,1,1,0,1,0,0,0,Lei11343-33,Drogas
0008143-65.2008.8.20.0001,2011,M,1,750,0,0,1,25,Aberto,1,0,0,1,0,0,0,1,0,0,Lei10826-14,ArmasFogo
0209494-26.2007.8.20.0001,2010,M,1,6120,0,0,0,0,Fechado,1,1,1,1,0,0,0,1,0,0,CP-121,CP-pessoa
0101039-59.2015.8.20.0106,2018,M,1,720,0,0,1,10,Aberto,0,0,0,0,0,0,0,0,0,1,Lei10826-14,ArmasFogo
0003490-25.2010.8.20.0106,2011,M,1,720,0,0,1,30,Aberto,1,0,1,0,0,0,0,0,0,1,Lei10826-14,ArmasFogo
0000405-97.2008.8.20.0139,2012,M,1,720,0,0,1,10,Aberto,0,0,0,0,0,0,0,0,0,1,Lei10826-15,ArmasFogo
0112697-70.2016.8.20.0001,2017,M,1,2520,0,0,0,40,Fechado,0,0,0,0,0,0,0,0,1,0,CP-157,CP-patrimonio
0112697-70.2016.8.20.0001,2017,M,1,2520,0,0,1,40,Fechado,0,0,0,0,0,0,0,0,1,0,CP-157,CP-patrimonio
0106070-55.2018.8.20.0106,2019,M,1,1500,0,0,1,10,Fechado,0,0,0,0,0,1,0,0,1,0,CP-157,CP-patrimonio
0001893-18.2008.8.20.0162,2010,M,1,2550,0,0,1,42,Fechado,1,0,0,1,0,0,1,1,0,0,CP-157,CP-patrimonio
0100419-68.2015.8.20.0002,2015,M,0,0,1,360,1,10,Aberto,0,0,0,0,0,0,0,0,0,1,Lei10826-12,ArmasFogo
130.10.000023-0,2010,M,1,1620,0,0,1,45,Fechado,0,1,1,0,0,0,1,1,1,0,CP-155,CP-patrimonio
001.08.004876-6,2010,M,1,1740,0,0,1,29,Semi-Aberto,1,0,0,0,0,1,1,0,0,0,CP-157,CP-patrimonio
0101090-89.2015.8.20.0126,2017,M,0,0,1,600,0,0,Aberto,0,0,0,0,1,1,0,0,0,0,CP-121,CP-pessoa
0100920-58.2011.8.20.0003,2012,M,1,420,0,0,1,11,Aberto,0,0,0,0,0,0,0,0,0,0,CP-171,CP-patrimonio
0100095-86.2015.8.20.0161,2015,M,1,1080,0,0,1,10,Aberto,0,1,0,0,0,0,0,0,0,1,Lei10826-16,ArmasFogo
0100570-27.2014.8.20.0145,2015,M,0,0,1,360,1,100,Aberto,0,0,0,0,0,0,0,0,0,1,Lei10826-12,ArmasFogo
0100140-18.2017.8.20.0130,2017,M,1,855,0,0,1,10,Fechado,0,0,1,0,0,0,0,0,1,0,CP-157,CP-patrimonio
0000080-18.2010.8.20.0151,2010,F,1,2160,0,0,1,500,Fechado,0,0,0,1,0,0,1,0,0,0,Lei11343-33,Drogas
138.09.000246-2,2009,M,1,240,0,0,1,20,Semi-Aberto,1,1,1,0,1,1,0,0,0,0,CP-155,CP-patrimonio
0136274-19.2012.8.20.0001,2014,F,1,1080,0,0,1,12,Aberto,0,0,0,0,0,1,0,0,0,1,Lei10826-16,ArmasFogo
155.03.000085-1,2009,M,1,5940,0,0,0,0,Fechado,1,1,0,0,0,0,0,0,0,0,CP-121,CP-pessoa
0500002-04.2016.8.20.0103,2017,M,1,720,0,0,1,40,Semi-Aberto,0,0,1,0,0,0,0,0,1,0,CP-155,CP-patrimonio
0100379-02.2016.8.20.0148,2016,M,1,360,0,0,1,0,Aberto,0,0,0,0,0,0,0,0,0,1,CP-155,CP-patrimonio
143.04.000255-3,2010,M,1,750,0,0,1,25,Aberto,1,0,0,0,0,1,1,0,0,0,Lei10826-14,ArmasFogo
001.07.204825-6,2008,M,0,0,1,40,0,0,Não declarado,0,0,0,0,0,0,0,0,0,1,CP-147,CP-liberdade
0015170-80.2000.8.20.0001,2013,M,1,1080,0,0,0,0,Semi-Aberto,1,0,0,0,1,1,1,0,0,0,CP-129,CP-pessoa
0113928-69.2015.8.20.0001,2016,M,1,2688,0,0,1,100,Semi-Aberto,0,0,0,0,0,1,0,0,0,0,CP-157,CP-patrimonio
0101156-50.2017.8.20.0148,2018,M,1,2160,0,0,1,600,Semi-Aberto,0,0,0,0,0,0,0,0,0,1,Lei11343-33,Drogas
0101109-53.2014.8.20.0125,2018,M,1,720,0,0,1,10,Aberto,0,0,0,0,0,0,0,0,0,1,Lei10826-14,ArmasFogo
0000633-60.2011.8.20.0109,2019,M,1,1980,0,0,1,51,Fechado,1,0,1,0,0,0,1,0,0,0,CP-312,CP-adminPublico
0002121-17.2010.8.20.0002,2015,M,1,900,0,0,1,15,Aberto,1,1,0,0,0,0,0,0,0,1,Lei10826-14,ArmasFogo
0004681-71.2011.8.20.0106,2013,M,1,4800,0,0,0,0,Fechado,0,0,0,0,0,0,1,1,0,0,CP-121,CP-pessoa
0001120-27.2008.8.20.0144,2013,M,1,810,0,0,1,11,Não declarado,0,0,0,0,0,0,0,0,1,0,Lei10826-14,ArmasFogo
001.07.207061-8,2009,M,1,720,0,0,1,10,Aberto,1,0,0,0,0,0,0,0,0,1,Lei10826-14,ArmasFogo
0000697-31.2007.8.20.0135,2012,M,1,1080,0,0,1,20,Aberto,0,0,0,0,0,1,1,1,0,0,CP-155,CP-patrimonio
001.09.017972-3,2010,M,1,1140,0,0,1,20,Aberto,1,0,0,0,0,1,1,1,0,0,Lei10826-16,ArmasFogo
0500004-56.1994.8.20.0131,2015,M,1,2160,0,0,0,0,Semi-Aberto,0,0,0,0,0,0,0,0,0,1,CP-121,CP-pessoa
0000095-49.2011.8.20.0119,2018,M,1,1080,0,0,1,10,Aberto,0,0,0,0,0,0,0,0,0,1,Lei10826-16,ArmasFogo
0100203-02.2014.8.20.0113,2016,M,1,240,0,0,1,5,Aberto,0,0,0,0,0,0,0,0,0,0,CP-180,CP-patrimonio
0403710-79.2010.8.20.0001,2011,M,0,0,1,960,0,0,Aberto,0,0,0,0,0,0,0,0,0,0,CTB-302,Transito
0100457-79.2014.8.20.0143,2016,M,1,1080,0,0,1,30,Aberto,0,0,0,0,0,0,0,0,0,1,Lei10826-16,ArmasFogo
0000457-72.2012.8.20.0133,2020,M,1,1080,0,0,1,10,Aberto,0,0,0,0,0,0,0,0,0,1,CP-180,CP-patrimonio
0101427-24.2014.8.20.0129,2015,M,1,720,0,0,1,60,Aberto,0,0,0,0,0,1,1,0,0,1,CP-171,CP-patrimonio
0101904-94.2016.8.20.0123,2019,M,1,630,0,0,1,100,Aberto,1,0,0,0,0,0,0,0,0,0,CP-168,CP-patrimonio
0121339-76.2014.8.20.0106,2019,M,1,960,0,0,1,15,Aberto,1,0,0,0,0,1,0,0,0,0,Lei10826-15,ArmasFogo
0100571-54.2018.8.20.0118,2019,M,1,540,0,0,0,20,Aberto,0,0,0,0,0,0,0,0,0,0,CP-155,CP-patrimonio
0100066-67.2013.8.20.0141,2014,M,1,90,0,0,0,0,Aberto,0,0,0,0,1,1,1,0,0,0,CP-147,CP-liberdade
0100260-12.2017.8.20.0114,2018,M,1,990,0,0,1,25,Aberto,1,1,0,0,0,0,0,0,0,0,Lei10826-14,ArmasFogo
0100867-10.2016.8.20.0001,2016,M,1,640,0,0,1,5,Aberto,0,0,0,0,0,0,0,1,0,0,CP-157,CP-patrimonio
0000004-63.2010.8.20.0128,2013,M,1,800,0,0,1,26,Não declarado,1,0,1,0,0,1,0,0,0,0,CP-155,CP-patrimonio
0103473-45.2015.8.20.0001,2015,M,1,640,0,0,1,4,Aberto,0,0,0,0,0,1,0,0,0,0,CP-157,CP-patrimonio
0003314-51.2007.8.20.0106,2011,M,1,900,0,0,1,20,Não declarado,0,0,0,1,0,0,0,0,0,0,CP-155,CP-patrimonio
0101754-33.2012.8.20.0001,2019,M,1,900,0,0,1,25,Semi-Aberto,0,0,0,0,0,0,0,0,0,0,CP-171,CP-patrimonio
0100868-73.2013.8.20.0106,2018,M,1,2160,0,0,0,0,Semi-Aberto,1,0,0,0,0,1,1,0,0,1,CP-121,CP-pessoa
0101922-63.2017.8.20.0129,2018,F,1,1080,0,0,1,8,Aberto,0,0,0,0,0,1,0,0,0,1,CP-157,CP-patrimonio
0103338-24.2015.8.20.0101,2017,M,0,0,1,180,1,10,Aberto,0,0,0,0,0,0,0,0,0,1,CTB-306,Transito
0100164-88.2018.8.20.0137,2020,M,1,720,0,0,1,10,Aberto,0,0,0,0,0,0,1,0,0,1,CP-155,CP-patrimonio
0002809-33.2011.8.20.0102,2013,M,1,1920,0,0,1,60,Semi-Aberto,0,0,0,0,0,0,1,0,0,0,CP-157,CP-patrimonio
003.09.000577-8,2010,M,1,7560,0,0,0,0,Fechado,1,1,1,1,0,0,0,1,0,0,CP-121,CP-pessoa
0100451-93.2014.8.20.0136,2018,M,1,1050,0,0,1,17,Aberto,0,0,0,0,0,0,1,0,0,0,CP-155,CP-patrimonio
º 0105153-36.2013.8.20.0001,2018,M,1,4680,0,0,0,0,Fechado,0,0,0,0,0,0,0,0,0,0,CP-121,CP-pessoa
0100545-59.2013.8.20.0109,2015,M,0,0,1,45,0,0,Aberto,0,0,0,0,0,0,0,0,0,1,CP-147,CP-liberdade
0000351-07.2008.8.20.0148,2014,M,1,2880,0,0,0,0,Fechado,1,0,0,0,1,0,0,0,0,0,CP-121,CP-pessoa
0007963-83.2012.8.20.0106,2012,M,1,2640,0,0,1,54,Semi-Aberto,1,0,0,0,1,0,0,0,0,0,CP-157,CP-patrimonio
0100270-40.2014.8.20.0121,2014,M,1,1920,0,0,1,13,Semi-Aberto,0,0,0,0,0,0,0,0,0,0,CP-157,CP-patrimonio
0100270-40.2014.8.20.0121,2014,M,1,1920,0,0,1,13,Semi-Aberto,0,0,0,0,0,0,0,0,0,0,CP-157,CP-patrimonio
0102807-75.2014.8.20.0002,2019,M,1,7560,0,0,0,0,Fechado,1,1,1,1,0,0,0,0,1,0,CP-121,CP-pessoa
0100794-27.2017.8.20.0155,2019,M,1,720,0,0,1,10,Aberto,0,0,0,0,0,0,0,0,0,1,Lei10826-14,ArmasFogo
0103099-67.2013.8.20.0108,2016,F,1,1020,0,0,1,291,Aberto,0,0,0,0,0,0,0,0,0,0,Lei11343-33,Drogas
0000766-62.2012.8.20.0111,2014,M,1,2340,0,0,1,750,Fechado,1,0,1,0,0,0,1,0,1,0,Lei11343-33,Drogas
0002863-15.2011.8.20.0129,2013,M,1,540,0,0,1,30,Semi-Aberto,0,0,0,0,0,0,0,0,1,0,CP-155,CP-patrimonio
107.07.000931-2,2009,M,1,540,0,0,1,18,Fechado,1,1,0,0,1,1,1,0,1,0,CP-180,CP-patrimonio
0102775-77.2014.8.20.0129,2018,M,0,0,1,1560,1,66,Semi-Aberto,0,1,0,0,0,0,0,1,0,0,Lei8666-89,Outros
0100304-74.2016.8.20.0111,2019,M,1,720,0,0,0,0,Aberto,0,0,0,0,0,0,0,0,0,1,Lei10826-15,ArmasFogo
0126425-52.2014.8.20.0001,2020,M,1,360,0,0,1,10,Aberto,0,0,0,0,0,0,0,0,0,1,CP-180,CP-patrimonio
0101252-05.2014.8.20.0105,2018,M,1,600,0,0,1,70,Semi-Aberto,0,0,0,0,0,0,0,0,1,0,CP-155,CP-patrimonio
0106329-74.2018.8.20.0001,2019,M,1,1200,0,0,1,30,Aberto,0,0,0,0,0,1,0,0,0,0,CP-171,CP-patrimonio
0103617-14.2018.8.20.0001,2018,M,1,1620,0,0,1,25,Fechado,0,0,0,1,0,0,0,1,1,0,Lei10826-16,ArmasFogo
0102173-08.2016.8.20.0100,2016,M,1,420,0,0,1,5,Aberto,1,0,0,1,0,0,0,0,1,0,CP-155,CP-patrimonio
0109469-24.2015.8.20.0001,2015,M,1,1728,0,0,1,30,Semi-Aberto,0,0,0,0,0,1,0,0,0,0,CP-157,CP-patrimonio
0146294-69.2012.8.20.0001,2013,M,1,1920,0,0,1,10,Fechado,0,0,0,0,0,0,0,1,0,0,CP-157,CP-patrimonio
001.05.008537-0,2008,M,0,0,1,420,0,0,Aberto,1,0,1,0,0,1,0,0,0,0,CP-146,CP-liberdade
0000138-35.2011.8.20.0135,2013,M,1,720,0,0,1,10,Aberto,0,0,0,0,1,0,0,0,0,1,Lei10826-14,ArmasFogo
0101417-68.2017.8.20.0001,2019,M,1,3150,0,0,0,0,Fechado,0,1,1,0,0,0,0,0,0,0,CP-121,CP-pessoa
0100042-20.2014.8.20.0136,2015,M,0,0,1,30,0,0,Aberto,0,0,0,0,0,0,0,0,0,1,CP-147,CP-liberdade
0100042-20.2014.8.20.0136,2015,M,0,0,1,180,1,10,Aberto,0,0,0,0,0,0,0,0,0,1,CP-163,CP-patrimonio
0000360-54.2001.8.20.0102,2013,M,1,1080,0,0,1,100,Semi-Aberto,0,1,0,0,0,0,0,0,0,0,CP-157-14,CP-patrimonio
0100095-54.2015.8.20.0107,2016,M,1,900,0,0,1,250,Fechado,0,0,0,0,0,0,1,0,0,0,Lei11343-33,Drogas
0100095-54.2015.8.20.0107,2016,M,1,900,0,0,1,250,Fechado,0,0,0,0,0,0,1,0,0,0,Lei11343-33,Drogas
0100095-54.2015.8.20.0107,2016,M,1,360,0,0,1,12,Aberto,0,0,0,0,1,0,0,0,0,1,Lei10826-12,ArmasFogo
0101303-02.2012.8.20.0003,2014,F,1,780,0,0,1,22,Aberto,0,0,0,0,0,0,0,1,0,0,CP-168-171,CP-patrimonio
0106184-18.2018.8.20.0001,2019,M,1,9750,0,0,1,41,Fechado,0,0,0,1,0,0,0,0,0,0,CP-157-180,CP-patrimonio
0106184-18.2018.8.20.0001,2019,M,1,9750,0,0,1,41,Fechado,0,0,0,1,0,0,0,0,0,0,CP-157-180,CP-patrimonio
0100014-37.2013.8.20.0120,2016,M,1,360,1,90,0,0,Aberto,0,0,0,0,0,1,0,0,0,1,CP-129,CP-pessoa
0001473-61.2011.8.20.0112,2013,M,0,0,1,1560,0,0,Semi-Aberto,1,0,0,0,0,1,0,0,0,0,CTB-302,Transito
0002877-10.2007.8.20.0106,2010,M,1,720,0,0,1,10,Aberto,1,1,0,0,1,1,0,0,0,1,Lei10826-12,ArmasFogo
0000766-62.2012.8.20.0111,2014,M,1,2340,0,0,1,750,Fechado,1,0,1,1,0,0,1,0,1,0,Lei11343-33,Drogas
0102775-77.2014.8.20.0129,2018,M,0,0,1,1440,1,66,Semi-Aberto,0,1,0,0,0,0,0,1,0,0,Lei8666-89,Outros
0101252-05.2014.8.20.0105,2018,M,1,600,0,0,1,70,Semi-Aberto,0,0,0,0,0,0,0,0,1,0,CP-155,CP-patrimonio
0106329-74.2018.8.20.0001,2019,M,1,1200,0,0,1,30,Aberto,0,0,0,0,0,1,0,0,0,0,CP-171,CP-patrimonio
0103617-14.2018.8.20.0001,2018,M,1,1620,0,0,1,25,Fechado,0,0,0,1,0,0,0,1,1,0,Lei10826-16,ArmasFogo
0100153-49.2014.8.20.0121,2014,M,1,6480,0,0,0,0,Fechado,1,0,0,0,0,0,0,0,0,0,CP-121,CP-pessoa
0235057-22.2007.8.20.0001,2014,M,1,5040,0,0,0,0,Fechado,0,0,0,0,1,0,0,1,0,0,CP-121,CP-pessoa
0100961-09.2018.8.20.0123,2019,M,0,0,1,180,0,0,Aberto,0,0,0,0,0,0,0,0,0,1,CTB-310,Transito
0001289-77.2009.8.20.0144,2013,M,1,720,0,0,1,10,Não declarado,0,0,0,0,0,0,0,0,0,1,Lei10826-14,ArmasFogo
0131143-29.2013.8.20.0001,2013,M,1,2760,0,0,1,21,Fechado,0,0,0,0,0,1,1,0,0,0,CP-157,CP-patrimonio
0100370-27.2015.8.20.0002,2015,M,1,1200,0,0,1,8,Aberto,0,0,0,0,0,0,0,0,0,0,CP-157,CP-patrimonio
0100527-25.2016.8.20.0144,2016,M,1,1920,0,0,1,13,Semi-Aberto,0,0,0,0,0,0,0,0,0,0,CP-157,CP-patrimonio